,smiles,target
0,COC(=O)CCc1ccc(OCC(O)C[NH2+]C(C)C)cc1,0.0
1,CC(C)([NH3+])Cc1ccccc1,0.0
2,CCCOc1cc(N)ccc1C(=O)OCC[NH+](CC)CC,0.0
3,C#CC[NH+](C)Cc1ccccc1,0.0
4,CC[NH+](CC)C(C)C(=O)c1ccccc1,0.0
5,C[NH2+]C[C@H](O)c1ccc(O)c(O)c1,0.0
6,CC([NH3+])Cc1ccccc1,0.0
7,[NH3+][C@@H](Cc1ccc(O)cc1)C(=O)[O-],0.0
8,NC(=O)OCC(O)COc1ccc(Cl)cc1,0.0
9,COc1ccc(OC)c(C(O)C(C)[NH3+])c1,0.0
10,CCCN(CCC)S(=O)(=O)c1ccc(C(=O)[O-])cc1,0.0
11,C[NH2+]CC(O)c1ccc(OC(=O)C(C)(C)C)c(OC(=O)C(C)(C)C)c1,0.0
12,CCCOc1ccc(C(=O)OCC[NH+](CC)CC)cc1N,0.0
13,[NH3+][C@@H](Cc1ccc(N(CCCl)CCCl)cc1)C(=O)[O-],0.0
14,CCCC(=O)Nc1ccc(OCC(O)C[NH2+]C(C)C)c(C(C)=O)c1,0.0
15,CCCCNC(=O)[N-]S(=O)(=O)c1ccc(C)cc1,0.0
16,NC(=O)OCC(COC(N)=O)c1ccccc1,0.0
17,CC(=O)N(CC(C)C(=O)[O-])c1c(I)cc(I)c(N)c1I,0.0
18,[NH3+]CCc1ccc(O)c(O)c1,0.0
19,[NH3+][C@@H](Cc1ccc(O)c(O)c1)C(=O)[O-],0.0
20,Oc1ccc(O)cc1,0.0
21,CNNCc1ccc(C(=O)NC(C)C)cc1,0.0
22,COC(=O)c1ccccc1O,0.0
23,Nc1ccc(O)c(C(=O)[O-])c1,0.0
24,COCC(=O)Nc1c(I)c(C(=O)NCC(O)CO)c(I)c(C(=O)N(C)CC(O)CO)c1I,0.0
25,C=CCOc1ccccc1OCC(O)C[NH2+]C(C)C,0.0
26,CCC[NH+](CC)C(CC)C(=O)Nc1c(C)cccc1C,0.0
27,CC(C)c1cccc(C(C)C)c1NC(=O)C[NH+](CC(=O)[O-])CC(=O)[O-],0.0
28,CC(=O)Nc1c(I)c(C(=O)[O-])c(I)c(N(C)C(C)=O)c1I,0.0
29,CCN(CC)C(=O)/C(C#N)=C/c1cc(O)c([O-])c([N+](=O)[O-])c1,0.0
30,CC[C@@H](c1cccc(O)c1)[C@@H](C)C[NH+](C)C,0.0
31,CC(=O)N(CC(O)CO)c1c(I)c(C(=O)NCC(O)CO)c(I)c(C(=O)NCC(O)CO)c1I,0.0
32,[NH3+]CC(CC(=O)[O-])c1ccc(Cl)cc1,0.0
33,CNC(=O)c1c(C)c(C(=O)[O-])c(I)c(NC(C)=O)c1I,0.0
34,COC[C@@H](NC(C)=O)C(=O)NCc1ccccc1,0.0
35,O=C(NCC(O)CO)c1c(I)c(C(=O)NCC(O)CO)c(I)c(N(CCO)C(=O)CO)c1I,0.0
36,C=C(CC)C(=O)c1ccc(OCC(=O)[O-])c(Cl)c1Cl,0.0
37,NS(=O)(=O)c1cc(Cl)c(Cl)c(S(N)(=O)=O)c1,0.0
38,CC(C)([NH3+])Cc1ccc(Cl)cc1,0.0
39,Cc1cccc(C)c1NC(=O)C(C)[NH3+],0.0
40,COc1ccccc1OCC(O)CO,0.0
41,NC(N)=[NH+]Cc1cccc([131I])c1,0.0
42,CC([NH3+])Cc1ccc(O)cc1,0.0
43,Cc1cccc(C)c1OCC(C)[NH3+],0.0
44,CC(C)[NH2+]CC(O)c1ccc(O)c(O)c1,0.0
45,CC(=O)[N-]S(=O)(=O)c1ccc(N)cc1,0.0
46,CCCCCCC[NH+](CC)CCCC(O)c1ccc(NS(C)(=O)=O)cc1,0.0
47,CC(=O)N(CC(O)CO)c1c(I)c(C(=O)NCCO)c(I)c(C(=O)NCC(O)CO)c1I,0.0
48,CC(C)[NH2+]CC(O)COc1ccc(CC(N)=O)cc1,0.0
49,CC(C)C(=O)Nc1ccc([N+](=O)[O-])c(C(F)(F)F)c1,0.0
50,CC(=O)Nc1c(I)c(NC(C)=O)c(I)c(C(=O)[O-])c1I,0.0
51,CCOC(=O)/C=C(C)/C=C/C=C(C)/C=C/c1c(C)cc(OC)c(C)c1C,0.0
52,CC[N+](C)(C)c1cccc(O)c1,0.0
53,CC(C)c1cccc(C(C)C)c1O,0.0
54,CC(=O)Nc1ccc(O)cc1,0.0
55,O=C([O-])CCC(=O)OC[C@@H](NC(=O)[C-](Cl)Cl)[C@H](O)c1ccc([N+](=O)[O-])cc1,0.0
56,CCN(CC)CC(=O)Nc1c(C)cccc1C,1.0
57,CCCCNc1ccc(C(=O)OCCOCCOCCOCCOCCOCCOCCOCCOCCOC)cc1,0.0
58,COCCCC/C(=N\OCC[NH3+])c1ccc(C(F)(F)F)cc1,0.0
59,Nc1ccc(C(=O)[O-])c(O)c1,0.0
60,C#CC[NH+](C)[C@H](C)Cc1ccccc1,0.0
61,C[C@H]([NH3+])[C@H](O)c1ccc(O)c(O)c1,0.0
62,CC(C)(C)[NH2+]CC(O)c1ccc(O)c(CO)c1,0.0
63,CCC[NH2+]C(C)C(=O)Nc1ccccc1C,0.0
64,CCOc1ccc(CC(CN(CC[NH+](CC(=O)[O-])CC(=O)[O-])CC(=O)[O-])[NH+](CC(=O)[O-])CC(=O)[O-])cc1,0.0
65,O=C([O-])CCCc1ccccc1,0.0
66,CCCCC(CC)COC(=O)/C=C/c1ccc(OC)cc1,0.0
67,O=P([O-])([O-])C(Sc1ccc(Cl)cc1)P(=O)([O-])[O-],0.0
68,O=C(CCCCCCC(=O)Nc1ccccc1)NO,1.0
69,O=C([O-])CN(CCN(CC(=O)[O-])C(COCc1ccccc1)C(=O)[O-])CC[NH+](CC(=O)[O-])CC(=O)[O-],0.0
70,CCOC(=O)C(C)(C)Oc1ccc(Cl)cc1,0.0
71,O=C(N[C@H](CO)[C@H](O)c1ccc([N+](=O)[O-])cc1)[C-](Cl)Cl,0.0
72,NC(=O)NC(=O)Cc1ccccc1,0.0
73,CC(C)c1cccc(C(C)C)c1OCOP(=O)([O-])[O-],0.0
74,C[C@H](O)C(=O)Nc1c(I)c(C(=O)NC(CO)CO)c(I)c(C(=O)NC(CO)CO)c1I,0.0
75,CC(C)/[NH+]=C(N)/[NH+]=C(\N)Nc1ccc(Cl)cc1,0.0
76,CCOC(=O)[C@@](C)([NH3+])Cc1ccc(O)c(O)c1,0.0
77,COc1cc(C)c(/C=C/C(C)=C/C=C/C(C)=C/C(=O)[O-])c(C)c1C,0.0
78,CC(C)[NH2+]CC(O)c1cc(O)cc(O)c1,0.0
79,CC(=O)Oc1c(C)cc(OCC(O)C[NH2+]C(C)C)c(C)c1C,0.0
80,CC[NH+](CC)CC(=O)Nc1c(C)cccc1C,0.0
81,CC[N+](CC)(CC)CCOc1cccc(OCC[N+](CC)(CC)CC)c1OCC[N+](CC)(CC)CC,0.0
82,CN/C(NCc1ccccc1)=[NH+]\C,0.0
83,CCCCCCCCc1ccc(CCC([NH3+])(CO)CO)cc1,0.0
84,CC(=O)Oc1ccccc1C(=O)[O-],0.0
85,C[NH2+]C[C@H](O)c1cccc(O)c1,0.0
86,CCN(C)C(=O)Oc1cccc([C@H](C)[NH+](C)C)c1,0.0
87,CC(C)[NH2+]C(C)Cc1ccc([123I])cc1,0.0
88,CCCCOc1cc(C(=O)OCC[NH+](CC)CC)ccc1N,0.0
89,COc1ccc(O)cc1,0.0
90,CC(=O)NCc1c(I)c(NC(C)=O)c(I)c(C(=O)[O-])c1I,0.0
91,C[NH2+]C(C)(C)Cc1ccccc1,0.0
92,COc1ccccc1OCC(O)COC(N)=O,0.0
93,C[C@H]([NH3+])[C@H](O)c1cccc(O)c1,0.0
94,Nc1ccc(C(=O)NCC(=O)[O-])cc1,0.0
95,Cc1cccc(C)c1NC(=O)C[NH+](CC(=O)[O-])CC(=O)[O-],0.0
96,CC[N+](C)(C)Cc1ccccc1Br,0.0
97,CC[NH+](CC)CCOC(=O)c1ccc(N)cc1,0.0
98,O=C([O-])Cc1ccccc1,0.0
99,COCCCOc1cc(C[C@@H](C[C@H]([NH3+])[C@@H](O)C[C@H](C(=O)NCC(C)(C)C(N)=O)C(C)C)C(C)C)ccc1OC,0.0
100,CCCC(=O)Nc1c(I)cc(I)c(CC(CC)C(=O)[O-])c1I,0.0
101,CCC([NH2+]C(C)C)C(O)c1ccc(O)c(O)c1,0.0
102,CCCNC(=O)[N-]S(=O)(=O)c1ccc(Cl)cc1,0.0
103,CC(=O)Oc1ccccc1C(=O)O,1.0
104,Cc1cc(C)c(NC(=O)C[NH+](CC(=O)[O-])CC(=O)[O-])c(C)c1Br,0.0
105,CCCCCCCCCc1ccc(OCCOCCOCCOCCOCCOCCOCCOCCOCCO)cc1,0.0
106,O=C([O-])CNC(=O)c1ccccc1,0.0
107,CN(C)/C=[NH+]/c1c(I)cc(I)c(CCC(=O)[O-])c1I,0.0
108,N#Cc1cc(NC(=O)C(=O)[O-])c(Cl)c(NC(=O)C(=O)[O-])c1,0.0
109,C[C@H]([NH3+])Cc1ccccc1,0.0
110,CC(C)[NH2+]CC(O)c1ccc(NS(C)(=O)=O)cc1,0.0
111,Nc1ccc(S(N)(=O)=O)cc1,0.0
112,CC(=O)Nc1c(I)cc(I)c(C(=O)[O-])c1I,0.0
113,O=C([O-])c1ccccc1,0.0
114,CC(C)(C)[NH2+]C[C@H](O)c1ccc(O)c(CO)c1,0.0
115,COCCc1ccc(OCC(O)C[NH2+]C(C)C)cc1,0.0
116,CC(C)Cc1ccc(C(C)C(=O)[O-])cc1,0.0
117,NS(=O)(=O)c1ccc(C[NH3+])cc1,0.0
118,Cc1ccc(C)c(OCCCC(C)(C)C(=O)[O-])c1,0.0
119,CC[NH+](CC)CCNC(=O)c1cc(Cl)c(N)cc1OC,0.0
120,CC[NH+](CC)CCNC(=O)c1ccc(N)cc1,0.0
121,CC(C)C[C@H](NC(=O)CNC(=O)c1cc(Cl)ccc1Cl)B(O)O,1.0
122,CCCCNc1ccc(C(=O)OCC[NH+](C)C)cc1,0.0
123,NNCCc1ccccc1,0.0
124,[NH3+]C[C@H](O)c1ccc(O)c(O)c1,0.0
125,O=C([O-])CCCc1ccc(N(CCCl)CCCl)cc1,0.0
126,C[C@@H](Cc1ccccc1)NC(=O)[C@@H]([NH3+])CCCC[NH3+],0.0
127,CC(C)(C)[NH2+]CC(O)c1cc(O)cc(O)c1,0.0
128,CC(C)[NH2+]CC(O)COc1ccc(COCCOC(C)C)cc1,0.0
129,C[C@]([NH3+])(Cc1ccc(O)c(O)c1)C(=O)[O-],0.0
130,C[C@]([NH3+])(Cc1ccc(O)cc1)C(=O)[O-],0.0
131,CC(C)(C)CC(C)(C)c1ccc(O)cc1,0.0
132,CC([NH2+]C(C)(C)C)C(=O)c1cccc(Cl)c1,0.0
133,CCC(Cc1c(I)cc(I)c(N)c1I)C(=O)[O-],0.0
134,C[NH2+]C(C)Cc1ccccc1,0.0
135,COc1ccc(OC)c(C(O)CNC(=O)C[NH3+])c1,0.0
136,CC[NH+](CC)CCOC(=O)c1ccc(N)cc1Cl,0.0
137,C[C@@H]([NH3+])[C@@H](O)c1ccccc1,0.0
138,CNC(=O)c1c(I)c(NC(C)=O)c(I)c(C(=O)[O-])c1I,0.0
139,CCOC(=O)CCCCCCCCC(C)c1ccccc1I,0.0
140,NC(N)=[NH+]C(=O)Cc1c(Cl)cccc1Cl,0.0
141,C[NH2+][C@@H](C)[C@@H](O)c1ccccc1,0.0
142,COC(CNC(=O)c1ccccc1OCC(=O)[O-])C[Hg]O,0.0
143,C/C=C/C(=O)N(CC)c1ccccc1C,0.0
144,Clc1cc(Cl)c(OCC#CI)cc1Cl,0.0
145,FC(F)(F)C(Cl)Br,0.0
146,C=CC([NH3+])CCC(=O)[O-],0.0
147,C#N,0.0
148,CCCCCCCCCCCCCCCC(=O)OCC(COP(=O)([O-])OCC[N+](C)(C)C)OC(=O)CCCCCCCCCCCCCCC,0.0
149,O=P([O-])([O-])OCC(Cl)(Cl)Cl,0.0
150,OC[C@@H](O)[C@@H](O)[C@H](O)[C@H](O)CO,0.0
151,NC(N)=[NH2+],0.0
152,O=C([O-])C(S)C(S)C(=O)[O-],0.0
153,[NH3+]CCCCCC(=O)[O-],0.0
154,CCO,0.0
155,CN(C)C(=[NH2+])NC(N)=[NH2+],0.0
156,COCCNC(=O)CN(CCN(CC[NH+](CC(=O)[O-])CC(=O)NCCOC)CC(=O)[O-])CC(=O)[O-],0.0
157,CCCCCCCC(=O)OCC(O)CO,0.0
158,FC(F)OC(F)(F)C(F)Cl,0.0
159,O=C([O-])[O-],0.0
160,CCOC(=O)CC(SP(=S)(OC)OC)C(=O)OCC,0.0
161,CC(O)(P(=O)([O-])[O-])P(=O)([O-])[O-],0.0
162,NCC[NH2+]CCNCC[NH3+],0.0
163,NC(N)=[NH+]CCC[C@H]([NH3+])C(=O)[O-],0.0
164,C[NH2+]C[C@H](O)[C@@H](O)[C@H](O)[C@H](O)CO,0.0
165,FC(F)OC(Cl)C(F)(F)F,0.0
166,C[N+](C)(C)CCOC(=O)CCC(=O)OCC[N+](C)(C)C,0.0
167,FC(F)=C(F)F,0.0
168,CC(=O)NCCCS(=O)(=O)[O-],0.0
169,CCCCCCCCCCCCCC(=O)OC[C@H](COP(=O)([O-])OCC[N+](C)(C)C)OC(=O)CCCCCCCCCCCCC,0.0
170,FC(F)(F)C(F)(F)C(F)(F)C(F)(F)C(F)(F)C(F)(F)F,0.0
171,CCCC(CCC)C(=O)[O-],0.0
172,CC(=O)NO,0.0
173,C[N+](C)(C)C[C@H](O)CC(=O)[O-],0.0
174,O=[N+]([O-])[O-],0.0
175,NC(=O)NO,0.0
176,CCCCC[NH+](C)CCC(O)(P(=O)([O-])[O-])P(=O)([O-])[O-],0.0
177,O=N[O-],0.0
178,CCCCCCCCCCCCCCOS(=O)(=O)[O-],0.0
179,COC(F)(F)C(Cl)Cl,0.0
180,[NH3+]CCCC(O)(P(=O)([O-])[O-])P(=O)([O-])[O-],0.0
181,O=S(=O)([O-])CCS,0.0
182,CC(=O)N[C@@H](CS)C(=O)[O-],0.0
183,Cl[Mn]Cl,0.0
184,CC(O)C(=O)[O-],0.0
185,N#C[Fe-2](C#N)(C#N)(C#N)(C#N)N=O,0.0
186,C/C(=N\O)[C@@H](C)[NH2+]CC(C)(C)C[NH2+][C@H](C)/C(C)=N/O,0.0
187,[NH3+]CCS,0.0
188,CCN(CC)C(=S)SSC(=S)N(CC)CC,0.0
189,CC(S)C(=O)NCC(=O)[O-],0.0
190,C[N+](C)(C)CCCCCCCCCC[N+](C)(C)C,0.0
191,OCC(S)CS,0.0
192,CC(C)(CO)[C@@H](O)C(=O)NCCCO,0.0
193,OC[C@H](O)[C@@H](O)[C@H](O)[C@H](O)CO,0.0
194,O=[99Tc](=O)(=O)[O-],0.0
195,C#CC(O)(/C=C/Cl)CC,0.0
196,Cl[201Tl],0.0
197,CC(C)OP(=O)(F)OC(C)C,0.0
198,FC(F)OC(F)C(F)(F)F,0.0
199,CC(=O)OCC[N+](C)(C)C,0.0
200,O=[Ti]=O,0.0
201,CCCCCCCCCCCCCCCCO,0.0
202,COCCO,0.0
203,CC(=O)N(O)CCCCCNC(=O)CCC(=O)N(O)CCCCCNC(=O)CCC(=O)N(O)CCCCC[NH3+],0.0
204,O=S(=O)([O-])[O-],0.0
205,[NH3+]C(CO)(CO)CO,0.0
206,O=C([O-])CCCCCCCC(=O)[O-],0.0
207,[NH3+]CC(=O)CCC(=O)[O-],0.0
208,[NH3+][C@@H](CS)C(=O)[O-],0.0
209,[NH3+]CCC(O)(P(=O)([O-])[O-])P(=O)([O-])[O-],0.0
210,FC(F)(F)C(F)(F)C(F)(F)F,0.0
211,O=C([O-])/C=C/C(=O)[O-],0.0
212,O=C[C@H](O)[C@@H](O)[C@H](O)CO,0.0
213,CCC(C)C(C)(COC(N)=O)COC(N)=O,0.0
214,[NH3+]CCCC([NH3+])(C(=O)[O-])C(F)F,0.0
215,O=S([O-])([O-])=S,0.0
216,C[N+](C)(C)CCOC(N)=O,0.0
217,*C(=O)[C@H](CCCCNC(=O)OCCOC)NC(=O)OCCOC,0.0
218,O=C([O-])CCC(=O)[O-],0.0
219,CCCCCCCCCCCCCCCCCCCCCCO,0.0
220,NC(=O)CC[C@H]([NH3+])C(=O)[O-],0.0
221,[Se],1.0
222,[O-][Cl+3]([O-])([O-])O,0.0
223,CCCC(C)(COC(N)=O)COC(N)=O,0.0
224,NC(N)=O,0.0
225,CS(C)=O,0.0
226,O=C([O-])CN(CC[NH+](CC(=O)[O-])CC(=O)[O-])CC(=O)[O-],0.0
227,CC(C)O,0.0
228,CC(C[N+](C)(C)C)OC(N)=O,0.0
229,O=[Si](O)O,0.0
230,O=C([O-])CN(CC[NH+](CC(=O)[O-])CC(=O)[O-])CC[NH+](CC(=O)[O-])CC(=O)[O-],0.0
231,CC[C@@H](CO)NCC[NH2+][C@@H](CC)CO,0.0
232,Cl[Cr](Cl)Cl,0.0
233,O=C([O-])C(O)C(O)C(=O)[O-],0.0
234,O=[32P]([O-])([O-])O,0.0
235,[N]=O,0.0
236,CC(=O)OC(C)C[N+](C)(C)C,0.0
237,CC(C)C[C@H](C[NH3+])CC(=O)[O-],0.0
238,CO[Si](C)(C)O[Si](C)(C)C,0.0
239,C=CC[NH2+]CCCCCC[N+](C)(C)C,0.0
240,FC(F)(F)C(F)(F)C(F)(F)C(F)(F)C(F)(F)C(F)(F)C(F)(F)C(F)(F)Br,0.0
241,OCC(O)CO,0.0
242,O=C([O-])[C@H](O)[C@@H](O)[C@H](O)[C@H](O)CO,0.0
243,COC(CNC(N)=O)C[Hg]Cl,0.0
244,II,0.0
245,O=C([O-])P(=O)([O-])[O-],0.0
246,CC(=O)[O-],0.0
247,COC(=O)CCC(=O)C[NH3+],0.0
248,CCCCCCCC/C=C\CCCCCCCC(=O)[O-],0.0
249,Cl[Zn]Cl,0.0
250,[NH3+]CCC[NH2+]CCSP(=O)([O-])[O-],0.0
251,C[N+](C)(C)CC(=O)[O-],0.0
252,C[NH+](CCCl)CCCl,0.0
253,CCCCCCOC(=O)CCC(=O)C[NH3+],0.0
254,CCOP(=O)(OCC)SCC[N+](C)(C)C,0.0
255,O=P([O-])([O-])F,0.0
256,O=C([O-])CCCO,0.0
257,[NH3+][C@@H](CCC(=O)N[C@@H](CSSC[C@H](NC(=O)CC[C@H]([NH3+])C(=O)[O-])C(=O)NCC(=O)[O-])C(=O)NCC(=O)[O-])C(=O)[O-],0.0
258,CCOCCP(CCOCC)CCP(CCOCC)CCOCC,0.0
259,[NH3+]CC(=O)[O-],0.0
260,CCCCCCCCCCCCOCCOCCOCCOCCOCCOCCOCCOCCOCCO,0.0
261,CC(C)(S)[C@@H]([NH3+])C(=O)[O-],0.0
262,NCC[NH2+]CCNCC[NH2+]CCN,0.0
263,CC(C)(CO)[C@@H](O)C(=O)NCCC(=O)[O-],0.0
264,CCCC(C)(COC(N)=O)COC(=O)NC(C)C,0.0
265,S=[Se]=S,0.0
266,O=[Al]O[Al]=O,0.0
267,O=[Zn],0.0
268,O=[N+]([O-])OCC(CO[N+](=O)[O-])O[N+](=O)[O-],0.0
269,O=C([O-])[C@@H](O)[C@@H](O)[C@H](O)[C@@H](O)C(=O)[O-],0.0
270,FCOC(C(F)(F)F)C(F)(F)F,0.0
271,O=C([O-])CC(O)(CC(=O)[O-])C(=O)[O-],0.0
272,Cl[Cu]Cl,0.0
273,CNC(=O)CN(CCN(CC[NH+](CC(=O)[O-])CC(=O)NC)CC(=O)[O-])CC(=O)[O-],0.0
274,C[C@]12C[C@H](O)[C@@]3(F)[C@@H](CCC4=CC(=O)C=C[C@@]43C)[C@@H]1C[C@@H](O)[C@]2(O)C(=O)CO,0.0
275,CC(C)(C)CC(=O)OCC(=O)[C@@]1(O)CC[C@H]2[C@@H]3CCC4=CC(=O)C=C[C@]4(C)[C@H]3[C@@H](O)C[C@@]21C,0.0
276,CC(=O)OCC(=O)[C@@]1(OC(C)=O)[C@@H](C)C[C@H]2[C@@H]3C[C@H](F)C4=CC(=O)C=C[C@]4(C)[C@@]3(F)[C@@H](O)C[C@@]21C,0.0
277,CC(=O)OCC(=O)[C@@]1(O)[C@H](C)C[C@H]2[C@@H]3C[C@H](F)C4=CC(=O)C=C[C@]4(C)[C@H]3[C@@H](O)C[C@@]21C,0.0
278,C[C@]12C[C@H](O)[C@H]3[C@@H](CCC4=CC(=O)C=C[C@@]43C)[C@@H]1CC[C@]2(O)C(=O)CO,1.0
279,C[C@@H]1C[C@H]2[C@@H]3C[C@H](F)C4=CC(=O)C=C[C@]4(C)[C@@]3(F)[C@@H](O)C[C@]2(C)[C@@]1(O)C(=O)COC(=O)C(C)(C)C,0.0
280,CCC(=O)OCC(=O)[C@@]1(OC(=O)CC)[C@H](C)C[C@H]2[C@H]3[C@H]([C@@H](O)C[C@@]21C)[C@@]1(C)C=CC(=O)C=C1C[C@H]3Cl,0.0
281,CCC(=O)[C@@]1(C)[C@H](C)CC2C3CCC4=CC(=O)C=C[C@]4(C)C3[C@@H](O)C[C@@]21C,0.0
282,CC(=O)O[C@]1(C(C)=O)CC[C@H]2[C@@H]3C[C@H](C)C4=CC(=O)C=C[C@]4(C)[C@@]3(F)[C@@H](O)C[C@@]21C,0.0
283,C[C@@H]1C[C@H]2[C@@H]3CCC4=CC(=O)C=C[C@]4(C)[C@@]3(F)[C@@H](O)C[C@]2(C)[C@@]1(O)C(=O)CO,1.0
284,C[C@@H]1C[C@H]2[C@@H]3CCC4=CC(=O)C=C[C@]4(C)[C@@]3(F)[C@@H](O)C[C@]2(C)[C@H]1C(=O)CO,0.0
285,C[C@H]1C[C@H]2[C@@H]3CCC4=CC(=O)C=C[C@]4(C)[C@@]3(F)[C@@H](O)C[C@]2(C)[C@@]1(O)C(=O)CO,0.0
286,CCC(=O)O[C@]1(C(=O)CCl)[C@@H](C)C[C@H]2[C@@H]3CCC4=CC(=O)C=C[C@]4(C)[C@@]3(F)[C@@H](O)C[C@@]21C,0.0
287,C[C@H]1C[C@H]2[C@@H]3CC[C@](O)(C(=O)CO)[C@@]3(C)C[C@H](O)[C@@H]2[C@@]2(C)C=CC(=O)C=C12,0.0
288,C[C@H]1C[C@H]2[C@@H]3CC[C@](O)(C(=O)COC(=O)CCC(=O)[O-])[C@@]3(C)C[C@H](O)[C@@H]2[C@@]2(C)C=CC(=O)C=C12,0.0
289,CCC(=O)O[C@]1(C(=O)SCF)[C@H](C)C[C@H]2[C@@H]3C[C@H](F)C4=CC(=O)C=C[C@]4(C)[C@@]3(F)[C@@H](O)C[C@@]21C,0.0
290,CCCCC(=O)O[C@]1(C(=O)CO)[C@@H](C)C[C@H]2[C@@H]3CCC4=CC(=O)C=C[C@]4(C)[C@@]3(F)[C@@H](O)C[C@@]21C,0.0
291,CCC(=O)O[C@]1(C(=O)CCl)[C@@H](C)CC2C3C[C@H](F)C4=CC(=O)C=CC4(C)[C@@]3(F)C(O)CC21C,0.0
292,CCCC(=O)O[C@]1(C(=O)COC(C)=O)CC[C@H]2[C@@H]3C[C@H](F)C4=CC(=O)C=C[C@]4(C)[C@@]3(F)[C@@H](O)C[C@@]21C,0.0
293,CCC(=O)OCC(=O)[C@@]1(OC(=O)CC)[C@@H](C)C[C@H]2[C@@H]3CCC4=CC(=O)C=C[C@]4(C)[C@@]3(Cl)[C@@H](O)C[C@@]21C,0.0
294,C[C@@H]1C[C@H]2[C@@H]3CCC4=CC(=O)C=C[C@]4(C)[C@@]3(F)[C@@H](O)C[C@]2(C)[C@@]1(O)C(=O)COP(=O)([O-])[O-],0.0
295,CCOC(=O)O[C@]1(C(=O)COC(=O)CC)CC[C@H]2[C@@H]3CCC4=CC(=O)C=C[C@]4(C)[C@H]3[C@@H](O)C[C@@]21C,0.0
296,CC(=O)[C@@]1(O)CC[C@H]2[C@@H]3C[C@H](C)C4=CC(=O)C=C[C@]4(C)[C@@]3(F)[C@@H](O)C[C@@]21C,0.0
297,CCOC(=O)O[C@]1(C(=O)OCCl)CC[C@H]2[C@@H]3CCC4=CC(=O)C=C[C@]4(C)[C@H]3[C@@H](O)C[C@@]21C,0.0
298,CC(=O)OCC(=O)[C@@]1(O)[C@@H](C)C[C@H]2[C@@H]3CCC4=CC(=O)C=C[C@]4(C)[C@@]3(F)[C@@H](O)C[C@@]21C,0.0
299,C[C@]12C[C@H](O)[C@H]3[C@@H](C[C@H](F)C4=CC(=O)C=C[C@@]43C)[C@@H]1CC[C@]2(O)C(=O)CO,0.0
300,C[C@@H]1C[C@H]2[C@@H]3C[C@H](F)C4=CC(=O)C=C[C@]4(C)[C@@]3(Cl)[C@@H](O)C[C@]2(C)[C@H]1C(=O)COC(=O)C(C)(C)C,0.0
301,CC(=O)[C@H]1CC[C@H]2[C@@H]3CCC4=CC(=O)CC[C@]4(C)[C@H]3CC[C@]12C,0.0
302,C#C[C@]1(O)CC[C@H]2[C@@H]3CCC4=CC(=O)CC[C@@H]4[C@H]3CC[C@@]21CC,0.0
303,CC(C)(C)C(=O)OCC(=O)C1CCC2C3CCC4=CC(=O)CCC4(C)C3CCC12C,0.0
304,C#C[C@]1(OC(C)=O)CC[C@H]2[C@@H]3CCC4=CC(=O)CC[C@@H]4[C@H]3CC[C@@]21C,0.0
305,CCCC(=O)O[C@]1(C(=O)COC(=O)CC)CC[C@H]2[C@@H]3CCC4=CC(=O)CC[C@]4(C)[C@H]3[C@@H](O)C[C@@]21C,0.0
306,C[C@]1(O)CC[C@H]2[C@@H]3CCC4=CC(=O)CC[C@]4(C)[C@H]3CC[C@@]21C,0.0
307,CC(=O)OCC(=O)[C@@]1(O)CC[C@H]2[C@@H]3CCC4=CC(=O)CC[C@]4(C)[C@@]3(F)[C@@H](O)C[C@@]21C,0.0
308,CCCCCC(=O)O[C@]1(C(C)=O)CC[C@H]2[C@@H]3CCC4=CC(=O)CC[C@]4(C)[C@H]3CC[C@@]21C,0.0
309,CCCC(=O)O[C@]1(C(=O)CO)CC[C@H]2[C@@H]3CCC4=CC(=O)CC[C@]4(C)[C@H]3[C@@H](O)C[C@@]21C,0.0
310,CC(=O)O[C@]1(C(C)=O)CC[C@H]2[C@@H]3C[C@H](C)C4=CC(=O)CC[C@]4(C)[C@H]3CC[C@@]21C,0.0
311,C[C@]12C[C@H](O)[C@H]3[C@@H](CCC4=CC(=O)CC[C@@]43C)[C@@H]1CC[C@]2(O)C(=O)CO,1.0
312,CCCCCCC(=O)O[C@H]1CC[C@H]2[C@@H]3CCC4=CC(=O)CC[C@]4(C)[C@H]3CC[C@]12C,0.0
313,CCC(=O)O[C@H]1CC[C@H]2[C@@H]3CCC4=CC(=O)CC[C@]4(C)[C@H]3CC[C@]12C,0.0
314,C#C[C@]1(O)CC[C@H]2[C@@H]3CCC4=CC(=O)CC[C@@H]4[C@H]3CC[C@@]21C,0.0
315,C[C@]12C[C@H](O)[C@H]3[C@@H](CCC4=CC(=O)CC[C@@]43C)[C@@H]1CC[C@]2(O)C(=O)COC(=O)CCC(=O)[O-],0.0
316,CC(=O)OCC(=O)[C@@]1(O)CC[C@H]2[C@@H]3CCC4=CC(=O)CC[C@]4(C)[C@H]3[C@@H](O)C[C@@]21C,0.0
317,CC(=O)[C@H]1CC[C@H]2[C@@H]3C[C@H](C)C4=CC(=O)CC[C@]4(C)[C@H]3[C@@H](O)C[C@]12C,0.0
318,C[C@]12C[C@H](O)[C@H]3[C@@H](CCC4=CC(=O)CC[C@@]43C)[C@@H]1CC[C@]2(O)C(=O)COP(=O)([O-])[O-],0.0
319,CCCCC(=O)O[C@]1(C(=O)CO)CC[C@H]2[C@@H]3CCC4=CC(=O)CC[C@]4(C)[C@H]3[C@@H](O)C[C@@]21C,0.0
320,CC(=O)OCC(=O)[C@H]1CC[C@H]2[C@@H]3CCC4=CC(=O)CC[C@]4(C)[C@H]3CC[C@]12C,0.0
321,C[C@]1(O)CC[C@H]2[C@@H]3CCC4=CC(=O)CC[C@]4(C)[C@@]3(F)[C@@H](O)C[C@@]21C,0.0
322,C[C@]12CC[C@H]3[C@@H](CCC4=CC(=O)CC[C@@]43C)[C@@H]1CC[C@@H]2O,0.0
323,CC[NH+](CC)CC(=O)OCC(=O)[C@@]1(O)CC[C@H]2[C@@H]3CCC4=CC(=O)CC[C@]4(C)[C@H]3[C@@H](O)C[C@@]21C,0.0
324,CCCCCCCCCC(=O)O[C@H]1CC[C@H]2[C@@H]3CCC4=CC(=O)CC[C@@H]4[C@H]3CC[C@]12C,0.0
325,Oc1c(Cl)cc(Cl)c(Cl)c1Cc1c(O)c(Cl)cc(Cl)c1Cl,0.0
326,CC(C)[N+](C)(CCC(C(N)=O)(c1ccccc1)c1ccccc1)C(C)C,0.0
327,Cc1ccccc1C(OCC[NH+](C)C)c1ccccc1,0.0
328,NC(=O)C[S@@](=O)C(c1ccccc1)c1ccccc1,0.0
329,C[NH+](C)CCOC(c1ccccc1)c1ccccc1,0.0
330,NC(=O)CS(=O)C(c1ccccc1)c1ccccc1,0.0
331,Clc1ccc(C(c2ccccc2Cl)C(Cl)Cl)cc1,0.0
332,Cc1ccc(O)c([C@H](CC[NH+](C(C)C)C(C)C)c2ccccc2)c1,0.0
333,CC[C@H](OC(C)=O)C(C[C@H](C)[NH+](C)C)(c1ccccc1)c1ccccc1,0.0
334,CCC(=O)C(CC(C)[NH+](C)C)(c1ccccc1)c1ccccc1,0.0
335,CC(C)C(=O)Oc1ccc(CO)cc1[C@H](CC[NH+](C(C)C)C(C)C)c1ccccc1,0.0
336,C[NH+](C)CCC(O)(c1ccccc1)c1ccccc1Cl,0.0
337,Nc1nc(F)nc2c1ncn2[C@@H]1O[C@H](COP(=O)(O)O)[C@@H](O)[C@@H]1O,1.0
338,Nc1nc(F)nc2c1ncn2[C@@H]1O[C@H](CO)[C@@H](O)[C@@H]1O,1.0
339,Nc1nc(F)nc2c1ncn2[C@@H]1O[C@H](COP(=O)([O-])[O-])[C@@H](O)[C@@H]1O,0.0
340,Nc1ncnc2c1ncn2[C@@H]1O[C@H](CO)[C@@H](O)[C@@H]1O,0.0
341,Nc1nc(Cl)nc2c1ncn2[C@@H]1O[C@H](CO)[C@@H](O)[C@@H]1F,0.0
342,Nc1ncnc2c1ncn2[C@@H]1O[C@H](CO)[C@@H](O)[C@H]1O,0.0
343,COc1nc(N)nc2c1ncn2[C@@H]1O[C@H](CO)[C@@H](O)[C@@H]1O,0.0
344,Nc1nc(Cl)nc2c1ncn2[C@@H]1O[C@H](CO)[C@@H](O)[C@@H]1F,1.0
345,Nc1nc(Cl)nc2c1ncn2[C@H]1C[C@H](O)[C@@H](CO)O1,0.0
346,C[NH+](C)CCCN1c2ccccc2Sc2ccc(C(F)(F)F)cc21,0.0
347,CC[NH+](CC)C(C)CN1c2ccccc2Sc2ccccc21,0.0
348,CC(CN1c2ccccc2Sc2ccccc21)C[NH+](C)C,0.0
349,CCC(=O)c1ccc2c(c1)N(CC(C)[NH+](C)C)c1ccccc1S2,0.0
350,CC(CN1c2ccccc2Sc2ccccc21)[NH+](C)C,0.0
351,COc1ccc2c(c1)N(C[C@H](C)C[NH+](C)C)c1ccccc1S2,0.0
352,C[NH+](C)CCCN1c2ccccc2Sc2ccccc21,0.0
353,C[NH+](C)CCCN1c2ccccc2Sc2ccc(Cl)cc21,0.0
354,Cc1ccc(C(=O)c2cc(O)c([O-])c([N+](=O)[O-])c2)cc1,0.0
355,NC(=O)Cc1cccc(C(=O)c2ccccc2)c1N,0.0
356,Nc1c(CC(=O)[O-])cccc1C(=O)c1ccc(Br)cc1,0.0
357,CC(C)(Oc1ccc(C(=O)c2ccc(Cl)cc2)cc1)C(=O)[O-],0.0
358,CC(C)OC(=O)C(C)(C)Oc1ccc(C(=O)c2ccc(Cl)cc2)cc1,0.0
359,CC(C)(Oc1ccc(C(=O)c2ccc(Cl)cc2)cc1)C(=O)NCCS(=O)(=O)[O-],0.0
360,CC(C(=O)[O-])c1cccc(C(=O)c2ccccc2)c1,0.0
361,COc1ccc(C(=O)c2ccccc2)c(O)c1,0.0
362,O=NN(CCCl)C(=O)NC1CCCCC1,0.0
363,[NH3+]C[C@H]1CC[C@H](C(=O)[O-])CC1,0.0
364,CC(C)[C@@H]1CC[C@@H](C)C[C@H]1O,0.0
365,N[C@@H]1CCCC[C@H]1[NH3+],0.0
366,C#CC1(OC(N)=O)CCCCC1,0.0
367,[NH3+]CC1(CC(=O)[O-])CCCCC1,0.0
368,CC(OC(=O)NCC1(CC(=O)[O-])CCCCC1)OC(=O)C(C)C,0.0
369,Cl[C@H]1[C@H](Cl)[C@@H](Cl)[C@@H](Cl)[C@H](Cl)[C@H]1Cl,0.0
370,COc1ccc2cc(CCC(C)=O)ccc2c1,0.0
371,Cc1cc(OP(=O)([O-])[O-])c2ccccc2c1OP(=O)([O-])[O-],0.0
372,CC(C)NCC(O)COc1cccc2ccccc12,1.0
373,COc1ccc2cc([C@H](C)C(=O)[O-])ccc2c1,0.0
374,C[NH+](C/C=C/C#CC(C)(C)C)Cc1cccc2ccccc12,0.0
375,CN(C)c1cccc2cc(S(=O)(=O)[O-])ccc12,0.0
376,COc1ccc2cc([C@H](C)C(=O)OCCCCO[N+](=O)[O-])ccc2c1,1.0
377,CC(C)[NH2+]CC(O)COc1cccc2ccccc12,0.0
378,CC[NH+](CC)CCN1C(=O)CN=C(c2ccccc2F)c2cc(Cl)ccc21,0.0
379,CN1C(=O)C(O)N=C(c2ccccc2)c2cc(Cl)ccc21,0.0
380,O=C1Nc2ccc(Cl)cc2C(c2ccccc2)=NC1O,0.0
381,O=C([O-])C1N=C(c2ccccc2)c2cc(Cl)ccc2NC1=O,0.0
382,O=C1CN=C(c2ccccc2)c2cc(Cl)ccc2N1CC(F)(F)F,0.0
383,O=C1CN=C(c2ccccc2Cl)c2cc([N+](=O)[O-])ccc2N1,0.0
384,O=C1Nc2ccc(Cl)cc2C(c2ccccc2Cl)=NC1O,0.0
385,CN1C(=O)CN=C(c2ccccc2)c2cc(Cl)ccc21,0.0
386,O=C([O-])c1cccnc1,0.0
387,O=P([O-])([O-])C(O)(Cc1cccnc1)P(=O)([O-])[O-],0.0
388,CC(C)(C)[NH2+]CC(O)c1ccc(O)c(CO)n1,0.0
389,NC(=O)c1cccnc1,0.0
390,Cc1ncc(CO)c(CO)c1O,0.0
391,NNC(=O)c1ccncc1,0.0
392,CCc1cc(C(N)=S)ccn1,0.0
393,CC1(C)O[C@@H]2C[C@H]3[C@@H]4CCC5=CC(=O)C=C[C@]5(C)[C@H]4[C@@H](O)C[C@]3(C)[C@]2(C(=O)CO)O1,0.0
394,CC1(C)O[C@@H]2C[C@H]3[C@@H]4C[C@H](F)C5=CC(=O)C=C[C@]5(C)[C@H]4[C@@H](O)C[C@]3(C)[C@]2(C(=O)CO)O1,0.0
395,CC(C)(C)CC(=O)OCC(=O)[C@@]12OC(C)(C)O[C@@H]1C[C@H]1[C@@H]3CCC4=CC(=O)C=C[C@]4(C)[C@@]3(F)[C@@H](O)C[C@@]12C,0.0
396,CC1(C)O[C@@H]2C[C@H]3[C@@H]4CCC5=CC(=O)C=C[C@]5(C)[C@@]4(F)[C@@H](O)C[C@]3(C)[C@]2(C(=O)CO)O1,0.0
397,CC1(C)O[C@@H]2C[C@H]3[C@@H]4C[C@H](F)C5=CC(=O)C=C[C@]5(C)[C@@]4(F)[C@@H](O)C[C@]3(C)[C@]2(C(=O)CO)O1,0.0
398,CCCC1O[C@@H]2C[C@H]3[C@@H]4CCC5=CC(=O)C=C[C@]5(C)[C@H]4[C@@H](O)C[C@]3(C)[C@]2(C(=O)CO)O1,0.0
399,CC(=O)OCC(=O)[C@@]12OC(C)(C)O[C@@H]1C[C@H]1[C@@H]3C[C@H](F)C4=CC(=O)C=C[C@]4(C)[C@@]3(F)[C@@H](O)C[C@@]12C,0.0
400,CCC1(CC)C(=O)NC(=O)N(C)C1=O,0.0
401,C=CCC1(C(C)CC)C(=O)NC(=O)NC1=O,0.0
402,C=CCC1(C(C)CCC)C(=O)NC(=O)NC1=O,0.0
403,CCCC(C)C1(CC)C(=O)NC(=O)NC1=O,0.0
404,C=CCC1(C(C)C#CCC)C(=O)NC(=O)N(C)C1=O,0.0
405,CCC(C)C1(CC)C(=O)NC(=O)NC1=O,0.0
406,C=CCC1(CC(C)C)C(=O)NC(=O)NC1=O,0.0
407,CC(=O)[C@]1(O)Cc2c([O-])c3c(c([O-])c2[C@@H](O[C@H]2C[C@H]([NH3+])[C@H](O)[C@H](C)O2)C1)C(=O)c1ccccc1C3=O,0.0
408,COc1cccc2c1C(=O)c1c([O-])c3c(c([O-])c1C2=O)C[C@@](O)(C(=O)CO)C[C@@H]3O[C@H]1C[C@H]([NH3+])[C@@H](O)[C@H](C)O1,0.0
409,COc1cccc2c1C(=O)c1c([O-])c3c(c([O-])c1C2=O)C[C@@](O)(C(=O)CO)C[C@@H]3O[C@H]1C[C@H]([NH3+])[C@H](O)[C@H](C)O1,0.0
410,COc1cccc2c1C(=O)c1c([O-])c3c(c([O-])c1C2=O)C[C@@](O)(C(C)=O)C[C@@H]3O[C@H]1C[C@H]([NH3+])[C@H](O)[C@H](C)O1,0.0
411,COc1cccc2c1C(=O)c1c(O)c3c(c(O)c1C2=O)C[C@@](O)(C(C)=O)C[C@@H]3O[C@H]1C[C@H](N)[C@H](O)[C@H](C)O1.Cl,1.0
412,COc1cccc2c1C(=O)c1c(O)c3c(c(O)c1C2=O)C[C@@](O)(C(=O)CO)C[C@@H]3O[C@H]1C[C@H](N)[C@H](O)[C@H](C)O1.Cl,1.0
413,CCCCC(=O)OCC(=O)[C@]1(O)Cc2c([O-])c3c(c([O-])c2[C@@H](OC2CC(NC(=O)C(F)(F)F)C(O)C(C)O2)C1)C(=O)c1c(OC)cccc1C3=O,0.0
414,C[NH+](C)CCOC(C)(c1ccccc1)c1ccccn1,0.0
415,CC(C)[NH+](CCC(C(N)=O)(c1ccccc1)c1ccccn1)C(C)C,0.0
416,C[NH+](C)CCC(c1ccccc1)c1ccccn1,0.0
417,C[NH+](C)CCOC(c1ccc(Cl)cc1)c1ccccn1,0.0
418,C[NH+](C)CC[C@@H](c1ccc(Br)cc1)c1ccccn1,0.0
419,C[NH+](C)CCC(c1ccc(Br)cc1)c1ccccn1,0.0
420,C[NH+](C)CCC(c1ccc(Cl)cc1)c1ccccn1,0.0
421,OCC[NH+]1CCN(CCCN2c3ccccc3Sc3ccc(Cl)cc32)CC1,0.0
422,C[NH+]1CCN(CCCN2c3ccccc3Sc3ccc(Cl)cc32)CC1,0.0
423,CC(=O)c1ccc2c(c1)N(CCCN1CC[NH+](CCO)CC1)c1ccccc1S2,0.0
424,OCC[NH+]1CCN(CCCN2c3ccccc3Sc3ccc(C(F)(F)F)cc32)CC1,0.0
425,C[NH+]1CCN(CCCN2c3ccccc3Sc3ccc(C(F)(F)F)cc32)CC1,0.0
426,CCSc1ccc2c(c1)N(CCCN1CC[NH+](C)CC1)c1ccccc1S2,0.0
427,CCOC(=O)C1=C(C)NC(C)=C(C(=O)OC)C1c1cccc(Cl)c1Cl,0.0
428,COC(=O)C1=C(C)NC(C)=C(C(=O)OC)C1c1ccccc1[N+](=O)[O-],0.0
429,CCCC(=O)OCOC(=O)C1=C(C)NC(C)=C(C(=O)OC)C1c1cccc(Cl)c1Cl,0.0
430,COC(=O)C1=C(C)NC(C)=C(C(=O)OCC(C)C)C1c1ccccc1[N+](=O)[O-],0.0
431,CCOC(=O)C1=C(COCC[NH3+])NC(C)=C(C(=O)OC)C1c1ccccc1Cl,0.0
432,COCCOC(=O)C1=C(C)NC(C)=C(C(=O)OC(C)C)C1c1cccc([N+](=O)[O-])c1,0.0
433,Cl.Nc1ccn([C@@H]2O[C@H](CO)[C@@H](O)C2(F)F)c(=O)n1,1.0
434,Nc1ccn([C@@H]2O[C@H](CO)[C@@H](O)[C@@H]2O)c(=O)n1,1.0
435,Nc1ccn([C@@H]2O[C@H](CO)[C@@H](O)C2(F)F)c(=O)n1,1.0
436,CCCCCOC(=O)Nc1nc(=O)n([C@@H]2O[C@H](C)[C@@H](O)[C@H]2O)cc1F,0.0
437,CCCCCOC(=O)Nc1nc(=O)n([C@@H]2O[C@H](C)[C@@H](O)[C@H]2O)cc1F,1.0
438,Nc1ccn([C@H]2CC[C@@H](CO)O2)c(=O)n1,0.0
439,CCCCCCCCCCCC(=O)OCCNC(=O)C[n+]1ccccc1,0.0
440,CN(C)C(=O)Oc1ccc[n+](C)c1,0.0
441,CCC(=O)OCCNC(=O)C[n+]1ccccc1,0.0
442,Nc1cc[nH+]cc1,0.0
443,CC(/N=C(\NC#N)Nc1cc[nH+]cc1)C(C)(C)C,0.0
444,C[n+]1ccccc1/C=N/O,0.0
445,[NH3+][C@@H](Cc1cc(I)c(Oc2cc(I)c([O-])c(I)c2)c(I)c1)C(=O)[O-],0.0
446,CC(C(=O)[O-])c1cccc(Oc2ccccc2)c1,0.0
447,CCCCNc1cc(C(=O)[O-])cc(S(N)(=O)=O)c1Oc1ccccc1,0.0
448,[NH3+][C@H](Cc1cc(I)c(Oc2cc(I)c([O-])c(I)c2)c(I)c1)C(=O)[O-],0.0
449,Oc1cc(Cl)ccc1Oc1ccc(Cl)cc1Cl,0.0
450,[NH3+][C@@H](Cc1cc(I)c(Oc2ccc(O)c(I)c2)c(I)c1)C(=O)[O-],0.0
451,C#C[C@]1(O)CC[C@H]2[C@@H]3CCc4cc(O)ccc4[C@H]3CC[C@@]21C,0.0
452,C[C@]12CC[C@@H]3c4ccc(OC(=O)N(CCCl)CCCl)cc4CC[C@H]3[C@@H]1CC[C@@H]2OP(=O)([O-])[O-],0.0
453,C[C@]12CC[C@@H]3c4ccc(O)cc4CC[C@H]3[C@@H]1CC[C@@H]2O,0.0
454,C[C@]12CC[C@@H]3c4ccc(O)cc4C[C@@H](CCCCCCCCCS(=O)CCCC(F)(F)C(F)(F)F)[C@H]3[C@@H]1CC[C@@H]2O,0.0
455,C#C[C@]1(O)CC[C@H]2[C@@H]3CCc4cc(OC)ccc4[C@H]3CC[C@@]21C,0.0
456,CCCCC(=O)O[C@H]1CC[C@H]2[C@@H]3CCc4cc(O)ccc4[C@H]3CC[C@]12C,0.0
457,COc1ccc(C(CN(C)C)C2(O)CCCCC2)cc1,1.0
458,CC[N+](C)(CC)CCOC(=O)C(O)(c1ccccc1)C1CCCCC1,0.0
459,C[NH+](C)CC(c1ccc(O)cc1)C1(O)CCCCC1,0.0
460,COc1ccc(C(C[NH+](C)C)C2(O)CCCCC2)cc1,0.0
461,CC[NH+](CC)CC#CCOC(=O)C(O)(c1ccccc1)C1CCCCC1,0.0
462,CC[N+](CC)(CC)CCC(O)(c1ccccc1)C1CCCCC1,0.0
463,O=P([O-])([O-])C(O)(Cn1ccnc1)P(=O)([O-])[O-],0.0
464,CN(C)/N=N/c1[nH]cnc1C(N)=O,0.0
465,CN/C(=N\C#N)NCCSCc1nc[nH]c1C,0.0
466,CCS(=O)(=O)CCn1c([N+](=O)[O-])cnc1C,0.0
467,[NH3+]CCc1cnc[nH]1,0.0
468,Cc1ncc([N+](=O)[O-])n1CCO,0.0
469,CC1=C(/C=C/C(C)=C\C=C\C(C)=C\C(=O)[O-])C(C)(C)CCC1,0.0
470,CCCCCCCCCCCCCCCC(=O)OC/C=C(C)/C=C/C=C(C)/C=C/C1=C(C)CCCC1(C)C,0.0
471,CC1=C(/C=C/C(C)=C/C=C/C(C)=C\C(=O)[O-])C(C)(C)CCC1,0.0
472,CC1=C(/C=C/C(C)=C/C=C/C(C)=C/C(=O)[O-])C(C)(C)CCC1,0.0
473,CC1=C(/C=C/C(C)=C/C=C/C(C)=C/CO)C(C)(C)CCC1,0.0
474,CCOC(=O)C1=C[C@@H](OC(CC)CC)[C@H](NC(C)=O)[C@@H]([NH3+])C1,0.0
475,CN1c2c([nH]c(N)nc2=O)NC[C@@H]1CNc1ccc(C(=O)N[C@@H](CCC(=O)[O-])C(=O)[O-])cc1,0.0
476,Nc1nc(=O)c2c([nH]1)NCC(CNc1ccc(C(=O)N[C@@H](CCC(=O)[O-])C(=O)[O-])cc1)N2C=O.[Ca+2],1.0
477,Nc1nc(=O)c2c([nH]1)NCC(CNc1ccc(C(=O)N[C@@H](CCC(=O)[O-])C(=O)[O-])cc1)N2C=O,0.0
478,Nc1nc(=O)c2c([nH]1)NCC(CNc1ccc(C(=O)N[C@@H](CCC(=O)O)C(=O)O)cc1)N2C=O,1.0
479,Nc1nc(=O)c2c([nH]1)NC[C@H](CNc1ccc(C(=O)N[C@@H](CCC(=O)[O-])C(=O)[O-])cc1)N2C=O,0.0
480,O=c1[nH]c(=O)n([C@H]2C[C@H](O)[C@@H](CO)O2)cc1F,0.0
481,Cc1cn([C@@H]2C[C@@H](O)[C@H](CO)O2)c(=O)[nH]c1=O,0.0
482,Cc1cn([C@H]2C[C@H](N=[N+]=[N-])[C@@H](CO)O2)c(=O)[nH]c1=O,0.0
483,O=c1[nH]c(=O)n([C@H]2C[C@H](O)[C@@H](CO)O2)cc1C(F)(F)F,0.0
484,O=c1[nH]c(=O)n([C@H]2C[C@H](O)[C@@H](CO)O2)cc1I,0.0
485,CCOC(=O)OC(C)OC(=O)[C@@H]1N2C(=O)[C@@H](NC(=O)[C@H]([NH3+])c3ccccc3)[C@H]2SC1(C)C,0.0
486,CC1(C)S[C@@H]2[C@H](NC(=O)[C@H]([NH3+])c3ccccc3)C(=O)N2[C@H]1C(=O)[O-],0.0
487,CC1(C)S[C@@H]2[C@H](NC(=O)[C@H]([NH3+])c3ccc(O)cc3)C(=O)N2[C@H]1C(=O)[O-],0.0
488,CC1(C)S[C@@H]2[C@H](NC(=O)Cc3ccccc3)C(=O)N2[C@H]1C(=O)[O-],0.0
489,CC1(C)S[C@@H]2[C@H](NC(=O)C(C(=O)[O-])c3ccccc3)C(=O)N2[C@H]1C(=O)[O-],0.0
490,C[NH+](C)[C@@H]1C([O-])=C(C(N)=O)C(=O)[C@@]2(O)C([O-])=C3C(=O)c4c([O-])cccc4[C@@](C)(O)[C@H]3C[C@@H]12,0.0
491,C[NH+](C)[C@@H]1C([O-])=C(C(N)=O)C(=O)[C@@]2(O)C([O-])=C3C(=O)c4c([O-])ccc(Cl)c4[C@@H](O)[C@H]3C[C@@H]12,0.0
492,C[C@H]1c2cccc([O-])c2C(=O)C2=C([O-])[C@]3(O)C(=O)C(C(N)=O)=C([O-])[C@@H]([NH+](C)C)[C@@H]3[C@@H](O)[C@@H]21,0.0
493,CN(C)c1cc(NC(=O)C[NH2+]C(C)(C)C)c([O-])c2c1C[C@H]1C[C@H]3[C@H]([NH+](C)C)C([O-])=C(C(N)=O)C(=O)[C@@]3(O)C([O-])=C1C2=O,0.0
494,C[NH+](C)[C@@H]1C([O-])=C(C(N)=O)C(=O)[C@@]2(O)C([O-])=C3C(=O)c4c([O-])cccc4[C@@](C)(O)[C@H]3[C@H](O)[C@@H]12,0.0
495,C[NH2+]CCCN1c2ccccc2CCc2ccccc21,0.0
496,C[NH+](C)CCCN1c2ccccc2CCc2ccccc21,0.0
497,C[NH+](C)CCCN1c2ccccc2CCc2ccc(Cl)cc21,0.0
498,CC(CN1c2ccccc2CCc2ccccc21)C[NH+](C)C,0.0
499,CC(=O)O[C@H]1Cc2ccccc2N(C(N)=O)c2ccccc21,1.0
500,C=CC1=C(C(=O)[O-])N2C(=O)[C@@H](NC(=O)/C(=N\O)c3csc(N)n3)[C@H]2SC1,0.0
501,CO/N=C(\C(=O)N[C@@H]1C(=O)N2C(C(=O)[O-])=CCS[C@H]12)c1csc(N)n1,0.0
502,C=CC1=C(C(=O)[O-])N2C(=O)[C@@H](NC(=O)/C(=N\OCC(=O)[O-])c3csc(N)n3)[C@H]2SC1,0.0
503,CO/N=C(\C(=O)N[C@@H]1C(=O)N2C(C(=O)[O-])=C(COC(C)=O)CS[C@H]12)c1csc(N)n1,0.0
504,COCC1=C(C(=O)OC(C)OC(=O)OC(C)C)N2C(=O)[C@@H](NC(=O)/C(=N\OC)c3csc(N)n3)[C@H]2SC1,0.0
505,Oc1cccc2cccnc12,0.0
506,Oc1c(I)cc(Cl)c2cccnc12,0.0
507,COc1cc(NC(C)CCC[NH3+])c2ncccc2c1,0.0
508,CCCCOc1cc(C(=O)NCC[NH+](CC)CC)c2ccccc2n1,0.0
509,Oc1c(Cl)cc(Cl)c2cccnc12,0.0
510,Cc1c(OCC(F)(F)F)ccnc1C[S@@](=O)c1nc2ccccc2[nH]1,0.0
511,Cc1c(OCC(F)(F)F)ccnc1CS(=O)c1nc2ccccc2[nH]1,0.0
512,COCCCOc1ccnc(CS(=O)c2nc3ccccc3[nH]2)c1C,0.0
513,COc1ccc2nc(S(=O)Cc3ncc(C)c(OC)c3C)[nH]c2c1,0.0
514,COc1ccnc(CS(=O)c2nc3ccc(OC(F)F)cc3[nH]2)c1OC,0.0
515,C[NH+]1CC[C@]23c4c5ccc(O)c4O[C@H]2C(=O)CC[C@H]3[C@H]1C5,0.0
516,C=CC[NH+]1CC[C@]23c4c5ccc(O)c4O[C@H]2C(=O)CC[C@@]3(O)[C@H]1C5,0.0
517,C[NH+]1CC[C@]23c4c5ccc(O)c4O[C@H]2C(=O)CC[C@@]3(O)[C@H]1C5,0.0
518,COc1ccc2c3c1O[C@H]1C(=O)CC[C@H]4[C@@H](C2)[NH+](C)CC[C@]314,0.0
519,COc1ccc2c3c1O[C@H]1C(=O)CC[C@@]4(O)[C@@H](C2)[NH+](C)CC[C@]314,0.0
520,C=C1CC[C@H](O)C/C1=C/C=C1\CCC[C@@]2(C)[C@H]1CC[C@@H]2[C@H](C)/C=C/[C@H](C)C(C)C,0.0
521,C=C1CC[C@H](O)C/C1=C/C=C1\CCC[C@@]2(C)[C@H]1CC[C@@H]2[C@H](C)CCCC(C)(C)O,0.0
522,C=C1CC[C@H](O)C/C1=C/C=C1\CCC[C@@]2(C)[C@H]1CC[C@@H]2[C@H](C)CCCC(C)C,0.0
523,C=C1/C(=C\C=C2/CCC[C@@]3(C)[C@H]2CC[C@@H]3[C@H](C)CCCC(C)(C)O)C[C@@H](O)C[C@@H]1O,1.0
524,C=C1/C(=C\C=C2/CCC[C@@]3(C)[C@H]2CC[C@@H]3[C@H](C)/C=C/[C@H](C)C(C)C)C[C@@H](O)C[C@@H]1O,0.0
525,Cn1c(=O)c2c(ncn2CC(O)CO)n(C)c1=O,0.0
526,Cn1c(=O)c2c(ncn2C)n(C)c1=O,0.0
527,Cn1c(=O)c2[nH]cnc2n(C)c1=O,0.0
528,CC(=O)CCCCn1c(=O)c2c(ncn2C)n(C)c1=O,0.0
529,C[C@H](Cn1cnc2c(N)ncnc21)OCP(=O)([O-])[O-],0.0
530,CC(C)(C)C(=O)OCOP(=O)(COCCn1cnc2c(N)ncnc21)OCOC(=O)C(C)(C)C,1.0
531,CC(C)OC(=O)OCOP(=O)(CO[C@H](C)Cn1cnc2c(N)ncnc21)OCOC(=O)OC(C)C,0.0
532,CC(=O)OCC(CCn1cnc2cnc(N)nc21)COC(C)=O,0.0
533,[NH3+]CC[C@H](O)C(=O)N[C@@H]1C[C@H]([NH3+])[C@@H](O[C@H]2O[C@H](C[NH3+])[C@@H](O)[C@H](O)[C@H]2O)[C@H](O)[C@H]1O[C@H]1O[C@H](CO)[C@@H](O)[C@H]([NH3+])[C@H]1O,0.0
534,[NH3+]C[C@H]1O[C@H](O[C@@H]2[C@@H]([NH3+])C[C@@H]([NH3+])[C@H](O[C@H]3O[C@H](CO)[C@@H](O)[C@H]([NH3+])[C@H]3O)[C@H]2O)[C@H]([NH3+])C[C@@H]1O,0.0
535,[NH3+]C[C@H]1O[C@H](O[C@@H]2[C@@H]([NH3+])C[C@@H]([NH3+])[C@H](O[C@H]3O[C@H](CO)[C@@H](O)[C@H]([NH3+])[C@H]3O)[C@H]2O)[C@H](O)[C@@H](O)[C@@H]1O,0.0
536,C[NH2+]C(C)C1CCC([NH3+])C(OC2C([NH3+])CC([NH3+])C(OC3OCC(C)(O)C([NH2+]C)C3O)C2O)O1,0.0
537,COc1c(N2CC[NH2+]C(C)C2)c(F)cc2c(=O)c(C(=O)[O-])cn(C3CC3)c12,0.0
538,Cc1c(F)c(N2CC[NH2+]C(C)C2)cc2c1c(=O)c(C(=O)[O-])cn2C1CC1,0.0
539,C[C@H]1CN(c2c(F)c(N)c3c(=O)c(C(=O)[O-])cn(C4CC4)c3c2F)C[C@@H](C)[NH2+]1,0.0
540,O=C([O-])c1cn(C2CC2)c2cc(N3CC[NH2+]CC3)c(F)cc2c1=O,0.0
541,CCC[NH+]1CCCC[C@H]1C(=O)Nc1c(C)cccc1C,0.0
542,CCCC[NH+]1CCCCC1C(=O)Nc1c(C)cccc1C,0.0
543,CCCC[NH+]1CCCC[C@H]1C(=O)Nc1c(C)cccc1C,0.0
544,Cc1cccc(C)c1NC(=O)C1CCCC[NH+]1C,0.0
545,CC/C(=C(\c1ccccc1)c1ccc(OCC[NH+](C)C)cc1)c1ccccc1,0.0
546,COc1ccc(C(Cl)=C(c2ccc(OC)cc2)c2ccc(OC)cc2)cc1,0.0
547,CC[NH+](CC)CCOc1ccc(/C(=C(\Cl)c2ccccc2)c2ccccc2)cc1,0.0
548,C[NH+](C)CCOc1ccc(/C(=C(/CCCl)c2ccccc2)c2ccccc2)cc1,0.0
549,Nc1nc(=S)c2[nH]cnc2[nH]1,0.0
550,S=c1nc[nH]c2nc[nH]c12,0.0
551,Nc1nc(=S)c2[nH]cnc2[nH]1,1.0
552,S=c1nc[nH]c2nc[nH]c12,1.0
553,OCCOCC[NH+]1CCN(C(c2ccccc2)c2ccc(Cl)cc2)CC1,0.0
554,O=C([O-])COCC[NH+]1CCN(C(c2ccccc2)c2ccc(Cl)cc2)CC1,0.0
555,C[NH+]1CCN(C(c2ccccc2)c2ccccc2)CC1,0.0
556,O=C([O-])COCC[NH+]1CCN([C@H](c2ccccc2)c2ccc(Cl)cc2)CC1,0.0
557,CCN(CC)CCNC(=O)c1c(C)[nH]c(/C=C2\C(=O)Nc3ccc(F)cc32)c1C.O=C(O)C[C@H](O)C(=O)O,1.0
558,CCN(CC)CCNC(=O)c1c(C)[nH]c(/C=C2\C(=O)Nc3ccc(F)cc32)c1C,1.0
559,Cc1cc(C)c(/C=C2\C(=O)Nc3ccccc32)[nH]1,0.0
560,CC[NH+](CC)CCNC(=O)c1c(C)[nH]c(/C=C2\C(=O)Nc3ccc(F)cc32)c1C,0.0
561,CO[C@H]1C[C@@H]2CC[C@@H](C)[C@@](O)(O2)C(=O)C(=O)N2CCCC[C@H]2C(=O)O[C@H]([C@H](C)C[C@@H]2CC[C@@H](O)[C@H](OC)C2)CC(=O)[C@H](C)/C=C(\C)[C@@H](O)[C@@H](OC)C(=O)[C@H](C)C[C@H](C)/C=C/C=C/C=C/1C,0.0
562,CO[C@H]1C[C@@H]2CC[C@@H](C)[C@@](O)(O2)C(=O)C(=O)N2CCCC[C@H]2C(=O)O[C@H]([C@H](C)C[C@@H]2CC[C@@H](OCCO)[C@H](OC)C2)CC(=O)[C@H](C)/C=C(\C)[C@@H](O)[C@@H](OC)C(=O)[C@H](C)C[C@H](C)/C=C\C=C\C=C\1C,0.0
563,CO[C@H]1C[C@@H]2CC[C@@H](C)[C@@](O)(O2)C(=O)C(=O)N2CCCC[C@H]2C(=O)O[C@H]([C@H](C)C[C@@H]2CC[C@@H](OCCO)[C@H](OC)C2)CC(=O)[C@H](C)/C=C(\C)[C@@H](O)[C@@H](OC)C(=O)[C@H](C)C[C@H](C)/C=C/C=C/C=C/1C,1.0
564,CO[C@H]1CC2CC[C@@H](C)[C@@](O)(O2)C(=O)C(=O)N2CCCC[C@H]2C(=O)O[C@H]([C@H](C)C[C@@H]2CC[C@@H](OC(=O)C(C)(CO)CO)[C@H](OC)C2)CC(=O)[C@H](C)/C=C(\C)[C@@H](O)[C@@H](OC)C(=O)[C@H](C)C[C@H](C)/C=C/C=C/C=C/1C,0.0
565,Nc1nc(=O)c2ncn(CCC(CO)CO)c2[nH]1,0.0
566,CC(C)[C@H](N)C(=O)OCCOCn1cnc2c(=O)nc(N)[nH]c21,1.0
567,Nc1nc(=O)c2ncn(COCCO)c2[nH]1,0.0
568,CC(C)[C@H]([NH3+])C(=O)OCC(CO)OCn1cnc2c(=O)nc(N)[nH]c21,0.0
569,CN1C(CCl)Nc2cc(Cl)c(S(N)(=O)=O)cc2S1(=O)=O,0.0
570,NS(=O)(=O)c1cc2c(cc1Cl)NCNS2(=O)=O,0.0
571,NS(=O)(=O)c1cc2c(cc1Cl)NC(C(Cl)Cl)NS2(=O)=O,0.0
572,CN1C(CSCC(F)(F)F)Nc2cc(Cl)c(S(N)(=O)=O)cc2S1(=O)=O,0.0
573,CC([NH3+])C12CC3CC(CC(C3)C1)C2,0.0
574,[NH3+]C12CC3CC(CC(C3)C1)C2,0.0
575,CC12CC3CC(C)(C1)CC([NH3+])(C3)C2,0.0
576,OCC[NH+]1C[C@H](O)[C@@H](O)[C@H](O)[C@H]1CO,0.0
577,CCCCCCCCC[NH+]1C[C@H](O)[C@@H](O)[C@H](O)[C@H]1CO,0.0
578,CCCC[NH+]1C[C@H](O)[C@@H](O)[C@H](O)[C@H]1CO,0.0
579,NC(=[NH2+])NCCC[C@@H](NC(=O)[C@@H]1CCCN1C(=O)[C@@H]1CSSCCC(=O)N[C@@H](Cc2ccc(O)cc2)C(=O)N[C@@H](Cc2ccccc2)C(=O)N[C@@H](CCC(N)=O)C(=O)N[C@@H](CC(N)=O)C(=O)N1)C(=O)NCC(N)=O,0.0
580,NC(=O)CCC1NC(=O)C(Cc2ccccc2)NC(=O)C(Cc2ccc(O)cc2)NC(=O)C([NH3+])CSSCC(C(=O)N2CCCC2C(=O)NC(CCC[NH+]=C(N)N)C(=O)NCC(N)=O)NC(=O)C(CC(N)=O)NC1=O,0.0
581,NC(=O)CCC1NC(=O)C(Cc2ccccc2)NC(=O)C(Cc2ccc(O)cc2)NC(=O)C([NH3+])CSSCC(C(=O)N2CCCC2C(=O)NC(CCCC[NH3+])C(=O)NCC(N)=O)NC(=O)C(CC(N)=O)NC1=O,0.0
582,CN(N=O)C(=O)N[C@H]1[C@@H](O)O[C@H](CO)[C@@H](O)[C@@H]1O,0.0
583,CCP(CC)(CC)=[Au]S[C@@H]1O[C@H](COC(C)=O)[C@@H](OC(C)=O)[C@H](OC(C)=O)[C@H]1OC(C)=O,0.0
584,OC[C@H]1O[C@H](O)[C@H](F)[C@@H](O)[C@@H]1O,0.0
585,CC[C@H]1OC(=O)[C@H](C)[C@@H](O[C@H]2C[C@@](C)(OC)[C@@H](O)[C@H](C)O2)[C@H](C)[C@@H](O[C@@H]2O[C@H](C)C[C@H]([NH+](C)C)[C@H]2O)[C@](C)(OC)C[C@@H](C)C(=O)[C@H](C)[C@@H](O)[C@]1(C)O,0.0
586,CCC(=O)O[C@H]1[C@H](O[C@@H]2[C@@H](C)[C@H](O[C@H]3C[C@@](C)(OC)[C@@H](O)[C@H](C)O3)[C@@H](C)C(=O)O[C@H](CC)[C@@](C)(O)[C@H](O)[C@@H](C)C(=O)[C@H](C)C[C@@]2(C)O)O[C@H](C)C[C@@H]1[NH+](C)C,0.0
587,CC[C@H]1OC(=O)[C@H](C)[C@@H](O[C@H]2C[C@@](C)(OC)[C@@H](O)[C@H](C)O2)[C@H](C)[C@@H](O[C@@H]2O[C@H](C)C[C@H]([NH+](C)C)[C@H]2O)[C@](C)(O)C[C@@H](C)C(=O)[C@H](C)[C@@H](O)[C@]1(C)O,0.0
588,O=[N+]([O-])O[C@@H]1CO[C@@H]2[C@@H](O)CO[C@H]12,0.0
589,O=[N+]([O-])O[C@H]1CO[C@H]2[C@@H]1OC[C@H]2O[N+](=O)[O-],0.0
590,O[C@H]1CO[C@@H]2[C@H](O)CO[C@H]12,0.0
591,CCCCCCC(=O)OCCN1CC[NH+](CCCN2c3ccccc3Sc3ccc(C(F)(F)F)cc32)CC1,0.0
592,CN1CC[NH+](CCCN2c3ccccc3Sc3ccc(Cl)cc32)CC1,0.0
593,CCCCCCCCCC(=O)OCCN1CC[NH+](CCCN2c3ccccc3Sc3ccc(C(F)(F)F)cc32)CC1,0.0
594,CC(=O)Oc1c(C)c(C)c2c(c1C)CC[C@@](C)(CCC[C@H](C)CCC[C@H](C)CCCC(C)C)O2,0.0
595,Cc1c(C)c2c(c(C)c1O)CC[C@@](C)(CCC[C@H](C)CCC[C@H](C)CCCC(C)C)O2,0.0
596,CC(=O)Oc1c(C)c(C)c2c(c1C)CCC(C)(CCCC(C)CCCC(C)CCCC(C)C)O2,0.0
597,C#Cc1cccc(Nc2ncnc3cc(OCCOC)c(OCCOC)cc23)c1.Cl,1.0
598,C#Cc1cccc(Nc2ncnc3cc(OCCOC)c(OCCOC)cc23)c1,1.0
599,C#Cc1cccc(Nc2ncnc3cc(OCCOC)c(OCCOC)cc23)c1,0.0
600,CC(=O)N[C@H](Cc1ccc2ccccc2c1)C(=O)N[C@H](Cc1ccc(Cl)cc1)C(=O)N[C@H](Cc1cccnc1)C(=O)N[C@@H](CO)C(=O)N[C@@H](Cc1ccc(O)cc1)C(=O)N[C@H](CCCNC(N)=O)C(=O)N[C@@H](CC(C)C)C(=O)N[C@@H](CCCNC(N)=[NH2+])C(=O)N1CCC[C@H]1C(=O)N[C@H](C)C(N)=O,0.0
601,CC(=O)N[C@H](Cc1ccc2ccccc2c1)C(=O)N[C@H](Cc1ccc(Cl)cc1)C(=O)N[C@H](Cc1cccnc1)C(=O)N[C@@H](CO)C(=O)N(C)[C@@H](Cc1ccc(O)cc1)C(=O)N[C@H](CC(N)=O)C(=O)N[C@@H](CC(C)C)C(=O)N[C@@H](CCCC[NH2+]C(C)C)C(=O)N1CCC[C@H]1C(=O)N[C@H](C)C(N)=O,0.0
602,CCNC(NCC)=[NH+]CCCC[C@H](NC(=O)[C@H](CC(C)C)NC(=O)[C@@H](CCCC[NH+]=C(NCC)NCC)NC(=O)[C@H](Cc1ccc(O)cc1)NC(=O)[C@H](CO)NC(=O)[C@@H](Cc1cccnc1)NC(=O)[C@@H](Cc1ccc(Cl)cc1)NC(=O)[C@@H](Cc1ccc2ccccc2c1)NC(C)=O)C(=O)N1CCC[C@H]1C(=O)N[C@H](C)C(N)=O,0.0
603,Cc1nc2n(c(=O)c1CC[NH+]1CCC(c3noc4cc(F)ccc34)CC1)CCCC2O,0.0
604,Cc1nc2n(c(=O)c1CC[NH+]1CCC(c3noc4cc(F)ccc34)CC1)CCCC2,0.0
605,CCCCCCCCCCCCCCCC(=O)O[C@@H]1CCCn2c1nc(C)c(CC[NH+]1CCC(c3noc4cc(F)ccc34)CC1)c2=O,0.0
606,C[NH+]1CC[C@]23CCCC[C@H]2[C@H]1Cc1ccc(O)cc13,0.0
607,C=CC[NH+]1CC[C@]23CCCC[C@H]2[C@H]1Cc1ccc(O)cc13,0.0
608,COc1ccc2c(c1)[C@]13CCCC[C@@H]1[C@H](C2)[NH+](C)CC3,0.0
609,Nc1ncn([C@H]2C[C@H](O)[C@@H](CO)O2)c(=O)n1,0.0
610,Nc1ncn([C@H]2C[C@H](O)[C@@H](CO)O2)c(=O)n1,1.0
611,Nc1ncn([C@@H]2O[C@H](CO)[C@@H](O)[C@H]2O)c(=O)n1,0.0
612,Clc1ccc2c(c1)C(c1ccccc1)=NCc1nncn1-2,0.0
613,Cc1nnc2n1-c1ccc(Cl)cc1C(c1ccccc1)=NC2,0.0
614,Cc1nnc2n1-c1ccc(Cl)cc1C(c1ccccc1Cl)=NC2,0.0
615,NC(=O)N/N=C/c1ccc([N+](=O)[O-])o1,0.0
616,CN/C(=C\[N+](=O)[O-])[NH2+]CCSCc1ccc(C[NH+](C)C)o1,0.0
617,C[NH2+]/C(=C\[N+](=O)[O-])NCCSCc1ccc(C[NH+](C)C)o1,0.0
618,O=C([O-])C1=C(CSc2nnnn2CS(=O)(=O)[O-])CS[C@@H]2[C@H](NC(=O)[C@H](O)c3ccccc3)C(=O)N12,0.0
619,[NH3+]Cc1ccccc1CC(=O)N[C@@H]1C(=O)N2C(C(=O)[O-])=C(CSc3nnnn3CC(=O)[O-])CS[C@H]12,0.0
620,Cn1nnnc1SCC1=C(C(=O)[O-])N2C(=O)[C@@H](NC(=O)[C@H](O)c3ccccc3)[C@H]2SC1,0.0
621,CC(C)CC(NC(=O)C(COC(C)(C)C)NC(=O)C(Cc1ccc(O)cc1)NC(=O)C(CO)NC(=O)C(Cc1c[nH]c2ccccc12)NC(=O)C(Cc1cnc[nH]1)NC(=O)C1CCC(=O)N1)C(=O)NC(CCC[NH+]=C(N)N)C(=O)N1CCCC1C(=O)NNC(N)=O,0.0
622,CCNC(=O)[C@@H]1CCCN1C(=O)[C@H](CCCNC(N)=[NH2+])NC(=O)[C@H](CC(C)C)NC(=O)[C@@H](CC(C)C)NC(=O)[C@H](Cc1ccc(O)cc1)NC(=O)[C@H](CO)NC(=O)[C@H](Cc1c[nH]c2ccccc12)NC(=O)[C@H](Cc1cnc[nH]1)NC(=O)[C@@H]1CCC(=O)N1,0.0
623,CC(C)C[C@H](NC(=O)[C@@H](COC(C)(C)C)NC(=O)[C@H](Cc1ccc(O)cc1)NC(=O)[C@H](CO)NC(=O)[C@H](Cc1c[nH]c2ccccc12)NC(=O)[C@H](Cc1cnc[nH]1)NC(=O)[C@@H]1CCC(=O)N1)C(=O)N[C@@H](CCCN=C(N)N)C(=O)N1CCC[C@H]1C(=O)NNC(N)=O,1.0
624,C[C@H]([NH2+][C@@H](CCc1ccccc1)C(=O)[O-])C(=O)N1CCC[C@H]1C(=O)[O-],0.0
625,CCOC(=O)[C@H](CCc1ccccc1)[NH2+][C@@H](C)C(=O)N1CCC[C@H]1C(=O)[O-],0.0
626,[NH3+]CCCC[C@H]([NH2+][C@@H](CCc1ccccc1)C(=O)[O-])C(=O)N1CCC[C@H]1C(=O)[O-],0.0
627,CCCCC[C@H](O)/C=C/[C@H]1[C@H](O)CC(=O)[C@@H]1CCCCCCC(=O)[O-],0.0
628,CCCCC[C@H](O)/C=C/[C@H]1[C@H](O)CC(=O)[C@@H]1C/C=C\CCCC(=O)[O-],0.0
629,CCCCC(C)(O)C/C=C/[C@H]1[C@H](O)CC(=O)[C@@H]1CCCCCCC(=O)OC,0.0
630,O=c1[nH]cc(N(CCCl)CCCl)c(=O)[nH]1,0.0
631,O=c1[nH]cc(F)c(=O)[nH]1,0.0
632,O=c1[nH]cc(F)c(=O)[nH]1,1.0
633,CC(=O)O[C@H]1C[C@@H]2CC[C@@H]3[C@H](CC[C@@]4(C)[C@H]3C[C@H]([N+]3(C)CCCCC3)[C@@H]4OC(C)=O)[C@@]2(C)C[C@@H]1[NH+]1CCCCC1,0.0
634,CC(=O)O[C@H]1C[C@@H]2CC[C@@H]3[C@H](CC[C@@]4(C)[C@H]3C[C@H]([N+]3(C)CCCCC3)[C@@H]4OC(C)=O)[C@@]2(C)C[C@@H]1[N+]1(C)CCCCC1,0.0
635,C=CC[N+]1([C@H]2C[C@H]3[C@@H]4CC[C@H]5C[C@H](OC(C)=O)[C@@H]([NH+]6CCCCC6)C[C@]5(C)[C@H]4CC[C@]3(C)[C@H]2OC(=O)CC)CCCCC1,0.0
636,O=C1CCC(N2C(=O)c3ccccc3C2=O)C(=O)N1,1.0
637,O=C1CCC(N2C(=O)c3ccccc3C2=O)C(=O)N1,0.0
638,Nc1cccc2c1C(=O)N(C1CCC(=O)NC1=O)C2=O,1.0
639,Cc1onc(-c2ccccc2Cl)c1C(=O)N[C@@H]1C(=O)N2[C@@H](C(=O)[O-])C(C)(C)S[C@H]12,0.0
640,Cc1onc(-c2ccccc2)c1C(=O)N[C@@H]1C(=O)N2[C@@H](C(=O)[O-])C(C)(C)S[C@H]12,0.0
641,Cc1onc(-c2c(Cl)cccc2Cl)c1C(=O)N[C@@H]1C(=O)N2[C@@H](C(=O)[O-])C(C)(C)S[C@H]12,0.0
642,Cl.Cn1c(CCCC(=O)O)nc2cc(N(CCCl)CCCl)ccc21,1.0
643,Cn1c(CCCC(=O)[O-])nc2cc(N(CCCl)CCCl)ccc21,0.0
644,CCCSc1ccc2[nH]c(NC(=O)OC)nc2c1,0.0
645,COc1ccc(CC(C)[NH2+]CC(O)c2ccc(O)c(NC=O)c2)cc1,0.0
646,C[C@H]([NH2+]CCc1ccc(O)cc1)[C@H](O)c1ccc(O)cc1,0.0
647,COc1ccc(C[C@@H](C)[NH2+]C[C@H](O)c2ccc(O)c(NC=O)c2)cc1,0.0
648,CN(C)C(=O)C(CC[NH+]1CCC(O)(c2ccc(Cl)cc2)CC1)(c1ccccc1)c1ccccc1,0.0
649,N#CC(CC[NH+]1CCC(C(=O)[O-])(c2ccccc2)CC1)(c1ccccc1)c1ccccc1,0.0
650,CCOC(=O)C1(c2ccccc2)CC[NH+](CCC(C#N)(c2ccccc2)c2ccccc2)CC1,0.0
651,CCCCCNC(=[NH2+])N/N=C/c1c[nH]c2ccc(OC)cc12,0.0
652,CNS(=O)(=O)Cc1ccc2[nH]cc(CC[NH+](C)C)c2c1,0.0
653,CC(C)[NH2+]CC(O)COc1cccc2[nH]ccc12,0.0
654,Cc1ccc(Cl)c(Nc2ccccc2C(=O)[O-])c1Cl,0.0
655,Cc1cccc(Nc2ccccc2C(=O)[O-])c1C,0.0
656,O=C([O-])Cc1ccccc1Nc1c(Cl)cccc1Cl,0.0
657,CC(C)[N+]1(C)[C@@H]2CC[C@@H]1CC(OC(=O)C(CO)c1ccccc1)C2,0.0
658,C[N+]1(C)C2CCC1CC(OC(=O)C(O)c1ccccc1)C2,0.0
659,C[NH+]1[C@H]2CC[C@@H]1C[C@H](OC(=O)C(CO)c1ccccc1)C2,0.0
660,Oc1ccc(OCc2ccccc2)cc1,0.0
661,C[NH2+]CCC(Oc1ccc(C(F)(F)F)cc1)c1ccccc1,0.0
662,C[NH2+]CC[C@@H](Oc1ccccc1C)c1ccccc1,0.0
663,C[C@H]1O[C@@H](O[C@H]2[C@@H](O)C[C@H](O[C@H]3[C@@H](O)C[C@H](O[C@H]4CC[C@]5(C)[C@H]6C[C@@H](O)[C@]7(C)[C@@H](C8=CC(=O)OC8)CC[C@]7(O)[C@@H]6CC[C@@H]5C4)O[C@@H]3C)O[C@@H]2C)C[C@H](O)[C@@H]1O,0.0
664,CC(=O)O[C@H]1C[C@H](OC2[C@@H](O)C[C@H](O[C@H]3[C@@H](O)C[C@H](OC4CC[C@]5(C)[C@H]6CC[C@]7(C)[C@@H](C8=CC(=O)OC8)CC[C@]7(O)[C@@H]6CC[C@@H]5C4)O[C@@H]3C)O[C@@H]2C)O[C@H](C)[C@H]1O,0.0
665,C[C@H]1O[C@@H](O[C@H]2[C@@H](O)C[C@H](O[C@H]3[C@@H](O)C[C@H](O[C@H]4CC[C@]5(C)[C@H]6CC[C@]7(C)[C@@H](C8=CC(=O)OC8)CC[C@]7(O)[C@@H]6CC[C@@H]5C4)O[C@@H]3C)O[C@@H]2C)C[C@H](O)[C@@H]1O,0.0
666,CCC[C@@H]1C[C@@H](C(=O)N[C@H]([C@@H](C)O)[C@H]2O[C@H](SC)[C@H](O)[C@@H](O)[C@H]2O)[NH+](C)C1,0.0
667,CCC[C@@H]1C[C@@H](C(=O)NC(C(C)Cl)[C@H]2O[C@H](SC)[C@H](O)[C@@H](O)[C@H]2O)[NH+](C)C1,0.0
668,CCCCCCCCCCCCCCCC(=O)O[C@@H]1[C@@H](O)[C@@H](O)[C@@H](C(NC(=O)[C@@H]2C[C@@H](CCC)C[NH+]2C)C(C)Cl)O[C@@H]1SC,0.0
669,Nc1ccc(S(=O)(=O)[N-]c2ncccn2)cc1,0.0
670,COc1cnc([N-]S(=O)(=O)c2ccc(N)cc2)nc1,0.0
671,Cc1ccnc([N-]S(=O)(=O)c2ccc(N)cc2)n1,0.0
672,CN1C(=O)CC(C)(c2ccccc2)C1=O,0.0
673,CN1C(=O)CC(c2ccccc2)C1=O,0.0
674,CCN(CC)C(=O)N1CC[NH+](C)CC1,0.0
675,C1C[NH2+]CCN1,0.0
676,Cc1cc2nc3c(=O)[nH]c(=O)nc-3n(C[C@H](O)[C@H](O)[C@H](O)CO)c2cc1C,0.0
677,Cc1cc2nc3c(=O)[nH]c(=O)nc-3n(C[C@H](O)[C@H](O)[C@H](O)COP(=O)([O-])[O-])c2cc1C,0.0
678,COc1cc([C@@H]2c3cc4c(cc3[C@@H](O[C@@H]3O[C@@H]5CO[C@@H](C)O[C@H]5[C@H](O)[C@H]3O)[C@H]3COC(=O)[C@H]23)OCO4)cc(OC)c1O,1.0
679,COc1cc([C@@H]2c3cc4c(cc3[C@@H](O[C@@H]3O[C@@H]5CO[C@@H](C)O[C@H]5[C@H](O)[C@H]3O)[C@H]3COC(=O)[C@H]23)OCO4)cc(OC)c1O,0.0
680,COC(=O)[C@H](c1ccccc1)[C@H]1CCCC[NH2+]1,0.0
681,COC(=O)C(c1ccccc1)C1CCCC[NH2+]1,0.0
682,CC(=O)[C@H]1CC[C@H]2[C@@H]3C=CC4=CC(=O)CC[C@@]4(C)[C@@H]3CC[C@]12C,0.0
683,CC(=O)O[C@]1(C(C)=O)CC[C@H]2[C@@H]3C=C(C)C4=CC(=O)CC[C@]4(C)[C@H]3CC[C@@]21C,0.0
684,C[C@@H]1C[C@H]2[C@@H]3C[C@H](F)C4=CC(=O)C=C[C@]4(C)[C@@]3(F)[C@@H](O)C[C@]2(C)[C@@]1(OC(=O)c1ccco1)C(=O)SCF,0.0
685,C[C@@H]1C[C@H]2[C@@H]3CCC4=CC(=O)C=C[C@]4(C)[C@@]3(Cl)[C@@H](O)C[C@]2(C)[C@@]1(OC(=O)c1ccco1)C(=O)CCl,0.0
686,CCC1(c2ccccc2)CCC(=O)NC1=O,0.0
687,CCC1(c2ccc(N)cc2)CCC(=O)NC1=O,0.0
688,C[C@H](CCC(=O)[O-])[C@H]1CC[C@H]2[C@H]3[C@H](CC[C@@]21C)[C@@]1(C)CC[C@@H](O)C[C@H]1C[C@H]3O,0.0
689,C[C@H](CCC(=O)[O-])[C@H]1CC[C@H]2[C@@H]3[C@@H](O)C[C@@H]4C[C@H](O)CC[C@]4(C)[C@H]3CC[C@@]21C,0.0
690,CC[NH+](CC)CCCC(C)Nc1cc[nH+]c2cc(Cl)ccc12,0.0
691,CC[NH+](CCO)CCCC(C)Nc1cc[nH+]c2cc(Cl)ccc12,0.0
692,C[C@H]1C[C@H]2[C@@H]3CCC4=CC(=O)C=C[C@]4(C)[C@H]3C(=O)C[C@]2(C)[C@@]1(O)C(=O)CO,0.0
693,C[C@]12CC(=O)[C@H]3[C@@H](CCC4=CC(=O)C=C[C@@]43C)[C@@H]1CC[C@]2(O)C(=O)CO,1.0
694,CC(=O)CC(c1ccccc1)c1c([O-])c2ccccc2oc1=O,0.0
695,CCC(c1ccccc1)c1c([O-])c2ccccc2oc1=O,0.0
696,CC(C(=O)[O-])c1ccc(-c2ccccc2)c(F)c1,0.0
697,O=C([O-])c1cc(-c2ccc(F)cc2F)ccc1O,0.0
698,Nc1nc(=O)c2c(CCc3ccc(C(=O)N[C@@H](CCC(=O)[O-])C(=O)[O-])cc3)c[nH]c2[nH]1,0.0
699,Nc1nc(=O)c2c(CCc3ccc(C(=O)N[C@@H](CCC(=O)O)C(=O)O)cc3)c[nH]c2[nH]1,1.0
700,O=C1OC2(c3cc([131I])c([O-])c([131I])c3Oc3c2cc([131I])c([O-])c3[131I])c2c(Cl)c(Cl)c(Cl)c(Cl)c21,0.0
701,O=C1OC2(c3ccc(O)cc3Oc3cc(O)ccc32)c2ccccc21,0.0
702,O=C([O-])CN1CCN(C(CO)C(O)CO)CCN(CC(=O)[O-])CC[NH+](CC(=O)[O-])CC1,0.0
703,CC(O)CN1CCN(CC(=O)[O-])CCN(CC(=O)[O-])CC[NH+](CC(=O)[O-])CC1,0.0
704,CN(Cc1cnc2nc(N)nc(N)c2n1)c1ccc(C(=O)N[C@@H](CCC(=O)[O-])C(=O)[O-])cc1,0.0
705,CN(Cc1cnc2nc(N)nc(N)c2n1)c1ccc(C(=O)N[C@@H](CCC(=O)O)C(=O)O)cc1,1.0
706,CCC(C)(C)C(=O)O[C@H]1C[C@@H](C)C=C2C=C[C@H](C)[C@H](CC[C@@H]3C[C@@H](O)CC(=O)O3)[C@H]21,0.0
707,CC[C@H](C)C(=O)O[C@H]1C[C@@H](C)C=C2C=C[C@H](C)[C@H](CC[C@@H]3C[C@@H](O)CC(=O)O3)[C@H]21,1.0
708,CC(C)[NH2+]C[C@H](O)COc1ccc(CCOCC2CC2)cc1,0.0
709,CC(C)[NH2+]CC(O)COc1ccc(CCOCC2CC2)cc1,0.0
710,C[C@]12CC[C@H]3[C@@H](CC[C@H]4NC(=O)C=C[C@]34C)[C@@H]1CC[C@@H]2C(=O)Nc1cc(C(F)(F)F)ccc1C(F)(F)F,0.0
711,C[C@]12CC[C@H]3[C@@H](CC[C@H]4NC(=O)C=C[C@]34C)[C@@H]1CC[C@@H]2C(=O)Nc1cc(C(F)(F)F)ccc1C(F)(F)F,1.0
712,CS(=O)(=O)CCNCc1ccc(-c2ccc3ncnc(Nc4ccc(OCc5cccc(F)c5)c(Cl)c4)c3c2)o1,1.0
713,CS(=O)(=O)CCNCc1ccc(-c2ccc3ncnc(Nc4ccc(OCc5cccc(F)c5)c(Cl)c4)c3c2)o1,0.0
714,CNC(=O)c1cc(Oc2ccc(NC(=O)Nc3ccc(Cl)c(C(F)(F)F)c3)cc2)ccn1,0.0
715,CNC(=O)c1cc(Oc2ccc(NC(=O)Nc3ccc(Cl)c(C(F)(F)F)c3)cc2)ccn1,1.0
716,CCCCCCCCCCNCC[NH2+][C@@]1(C)C[C@H](O[C@H]2[C@H](Oc3c4cc5cc3Oc3ccc(cc3Cl)[C@@H](O)[C@@H](NC(=O)[C@@H](CC(C)C)[NH2+]C)C(=O)N[C@@H](CC(N)=O)C(=O)N[C@H]5C(=O)N[C@H]3C(=O)N[C@H](C(=O)N[C@H](C(=O)[O-])c5cc(O)c(C[NH2+]CP(=O)([O-])[O-])c(O)c5-c5cc3ccc5O)[C@H](O)c3ccc(c(Cl)c3)O4)O[C@H](CO)[C@@H](O)[C@@H]2O)O[C@@H](C)[C@H]1O,0.0
717,C[NH2+][C@H](CC(C)C)C(=O)N[C@H]1C(=O)N[C@@H](CC(N)=O)C(=O)N[C@H]2C(=O)N[C@H]3C(=O)N[C@H](C(=O)N[C@H](C(=O)[O-])c4cc(O)cc(O)c4-c4cc3ccc4O)[C@H](O)c3ccc(c(Cl)c3)Oc3cc2cc(c3O[C@@H]2O[C@H](CO)[C@@H](O)[C@H](O)[C@H]2O[C@H]2C[C@](C)([NH3+])[C@H](O)[C@H](C)O2)Oc2ccc(cc2Cl)[C@H]1O,0.0
718,CC(=O)N1CCN(c2ccc(OC[C@H]3CO[C@](Cn4ccnc4)(c4ccc(Cl)cc4Cl)O3)cc2)CC1,1.0
719,CC(=O)N1CCN(c2ccc(OC[C@H]3CO[C@](Cn4ccnc4)(c4ccc(Cl)cc4Cl)O3)cc2)CC1,0.0
720,CCN1C(=O)NC(c2ccccc2)C1=O,0.0
721,CCC1(c2ccccc2)NC(=O)N(C)C1=O,0.0
722,C[NH+]1CCC(=C2c3ccccc3CCc3cccnc32)CC1,0.0
723,Clc1ccc2c(c1)CCc1cccnc1C2=C1CC[NH2+]CC1,0.0
724,c1ccc(CC2=[NH+]CCN2)cc1,0.0
725,Cc1cc(C(C)(C)C)c(O)c(C)c1CC1=[NH+]CCN1,0.0
726,O=C1CC[C@@]2(O)[C@H]3Cc4ccc(O)c5c4[C@@]2(CC[NH+]3CC2CC2)[C@H]1O5,0.0
727,C[N+]1(CC2CC2)CC[C@]23c4c5ccc(O)c4O[C@H]2C(=O)CC[C@@]3(O)[C@H]1C5,0.0
728,C=C[C@H]1C[NH+]2CC[C@H]1C[C@@H]2[C@@H](O)c1ccnc2ccc(OC)cc12,0.0
729,C=C[C@H]1C[NH+]2CC[C@H]1C[C@H]2[C@H](O)c1ccnc2ccc(OC)cc12,0.0
730,CC[C@@H](CO)NC(=O)[C@@H]1C=C2c3cccc4[nH]cc(c34)C[C@H]2[NH+](C)C1,0.0
731,CC[C@@H](CO)NC(=O)[C@@H]1C=C2c3cccc4c3c(cn4C)C[C@H]2[NH+](C)C1,0.0
732,Oc1ccc(CCCC[NH2+]C[C@H](O)c2ccc(O)c(O)c2)cc1,0.0
733,COc1ccc(CC[NH+](C)CCCC(C#N)(c2ccc(OC)c(OC)c2)C(C)C)cc1OC,0.0
734,CC(C)(C#N)c1cc(Cn2cncn2)cc(C(C)(C)C#N)c1,1.0
735,CC(C)(C#N)c1cc(Cn2cncn2)cc(C(C)(C)C#N)c1,0.0
736,[NH3+][C@H]1[C@@H]2CN(c3nc4c(cc3F)c(=O)c(C(=O)[O-])cn4-c3ccc(F)cc3F)C[C@H]12,0.0
737,C[C@H]([NH3+])C(=O)N[C@@H](C)C(=O)NC1[C@@H]2CN(c3nc4c(cc3F)c(=O)c(C(=O)[O-])cn4-c3ccc(F)cc3F)C[C@H]12,0.0
738,NC(CCSCc1csc([NH+]=C(N)N)n1)=NS(N)(=O)=O,0.0
739,CN/C(=C\[N+](=O)[O-])[NH2+]CCSCc1csc(C[NH+](C)C)n1,0.0
740,COC(=O)[C@H](c1ccccc1Cl)[NH+]1CCc2sccc2C1,0.0
741,Clc1ccccc1C[NH+]1CCc2sccc2C1,0.0
742,O=S(=O)(OC[C@H]1O[C@@H](O[C@]2(COS(=O)(=O)O[Al](O)O)O[C@H](OS(=O)(=O)O[Al](O)O)[C@@H](OS(=O)(=O)O[Al](O)O)[C@@H]2OS(=O)(=O)O[Al](O)O)[C@H](OS(=O)(=O)O[Al](O)O)[C@@H](OS(=O)(=O)O[Al](O)O)[C@@H]1OS(=O)(=O)O[Al](O)O)O[Al](O)O,0.0
743,OC[C@H]1O[C@H](O[C@]2(CO)O[C@H](CO)[C@@H](O)[C@@H]2O)[C@H](O)[C@@H](O)[C@@H]1O,0.0
744,CC/C(=C(/CC)c1ccc(OP(=O)([O-])[O-])cc1)c1ccc(OP(=O)([O-])[O-])cc1,0.0
745,CC/C(=C(/CC)c1ccc(O)cc1)c1ccc(O)cc1,0.0
746,Cc1[nH]c(=O)c(C#N)cc1-c1ccncc1,0.0
747,Nc1cc(-c2ccncc2)c[nH]c1=O,0.0
748,CC(C)[N+](C)(CCOC(=O)C1c2ccccc2Oc2ccccc21)C(C)C,0.0
749,CC[N+](C)(CC)CCOC(=O)C1c2ccccc2Oc2ccccc21,0.0
750,C[C@H]1COc2c(N3CC[NH+](C)CC3)c(F)cc3c(=O)c(C(=O)[O-])cn1c23,0.0
751,CC1COc2c(N3CC[NH+](C)CC3)c(F)cc3c(=O)c(C(=O)[O-])cn1c23,0.0
752,CCCS(=O)(=O)Nc1ccc(F)c(C(=O)c2c[nH]c3ncc(-c4ccc(Cl)cc4)cc23)c1F,0.0
753,CCCS(=O)(=O)Nc1ccc(F)c(C(=O)c2c[nH]c3ncc(-c4ccc(Cl)cc4)cc23)c1F,1.0
754,C[C@]12CC[C@@H]3c4ccc(OS(=O)(=O)[O-])cc4CC[C@H]3[C@@H]1CCC2=O,0.0
755,C[C@]12CC[C@@H]3c4ccc(O)cc4CC[C@H]3[C@@H]1CCC2=O,0.0
756,CC1(C)O[C@@H]2C[C@H]3[C@@H]4C[C@H](F)C5=CC(=O)CC[C@]5(C)[C@H]4[C@@H](O)C[C@]3(C)[C@]2(C(=O)CO)O1,0.0
757,CC1(C)O[C@@H]2C[C@H]3[C@@H]4CCC5=CC(=O)CC[C@]5(C)[C@@]4(F)[C@@H](O)C[C@]3(C)[C@]2(C(=O)CCl)O1,0.0
758,[NH3+]C[C@@H]1O[C@H](O[C@@H]2[C@@H](CO)O[C@@H](O[C@@H]3[C@@H](O)[C@H]([NH3+])C[C@H]([NH3+])[C@H]3O[C@H]3O[C@H](CO)[C@@H](O)[C@H](O)[C@H]3[NH3+])[C@@H]2O)[C@H]([NH3+])[C@@H](O)[C@@H]1O,0.0
759,[NH3+]C[C@@H]1O[C@H](O[C@@H]2[C@@H](CO)O[C@@H](O[C@@H]3[C@@H](O)[C@H]([NH3+])C[C@H]([NH3+])[C@H]3O[C@H]3O[C@H](C[NH3+])[C@@H](O)[C@H](O)[C@H]3[NH3+])[C@@H]2O)[C@H]([NH3+])[C@@H](O)[C@@H]1O,0.0
760,CC1=CC(=O)c2ccccc2C1=O,0.0
761,CC1=C(C/C=C(\C)CCC[C@H](C)CCC[C@H](C)CCCC(C)C)C(=O)c2ccccc2C1=O,0.0
762,O=P1(N(CCCl)CCCl)NCCCO1,1.0
763,O=P1(NCCCl)OCCCN1CCCl,1.0
764,Nc1nc(=O)n([C@@H]2CS[C@H](CO)O2)cc1F,0.0
765,Nc1ccn([C@@H]2CS[C@H](CO)O2)c(=O)n1,0.0
766,C[NH+](C)CCN(Cc1ccccc1)c1ccccn1,0.0
767,COc1ccc(CN(CC[NH+](C)C)c2ccccn2)cc1,0.0
768,CC(C)CN(C[C@@H](O)[C@H](Cc1ccccc1)NC(=O)O[C@H]1CCOC1)S(=O)(=O)c1ccc(N)cc1,0.0
769,CC(C)CN(C[C@@H](OP(=O)([O-])[O-])[C@H](Cc1ccccc1)NC(=O)O[C@H]1CCOC1)S(=O)(=O)c1ccc(N)cc1,0.0
770,Cc1cn[nH]c1,0.0
771,[NH3+]CCc1cc[nH]n1,0.0
772,COC(=O)[C@H]1[C@H]2C[C@@H]3c4[nH]c5cc(OC)ccc5c4CC[NH+]3C[C@H]2C[C@@H](OC(=O)c2cc(OC)c(OC)c(OC)c2)[C@@H]1OC,0.0
773,COC(=O)[C@H]1[C@H]2C[C@@H]3c4[nH]c5ccccc5c4CC[NH+]3C[C@H]2C[C@@H](OC(=O)c2cc(OC)c(OC)c(OC)c2)[C@@H]1OC,0.0
774,CC(=O)O[C@H]1CC[C@@]2(C)C(=CC[C@H]3[C@@H]4CC=C(c5cccnc5)[C@@]4(C)CC[C@@H]32)C1,1.0
775,CC(=O)O[C@H]1CC[C@@]2(C)C(=CC[C@H]3[C@@H]4CC=C(c5cccnc5)[C@@]4(C)CC[C@@H]32)C1,0.0
776,Nc1ccc(S(=O)(=O)c2ccc(N)cc2)cc1,0.0
777,O=S([O-])CNc1ccc(S(=O)(=O)c2ccc(NCS(=O)[O-])cc2)cc1,0.0
778,Nc1nc2ccc(OC(F)(F)F)cc2s1,0.0
779,CCOc1ccc2nc(S(N)(=O)=O)sc2c1,0.0
780,C#C[C@]1(OC(C)=O)CC[C@H]2[C@@H]3CCC4=C[C@@H](OC(C)=O)CC[C@@H]4[C@H]3CC[C@@]21C,0.0
781,CC[C@]1(O)CC[C@H]2[C@@H]3CCC4=CCCC[C@@H]4[C@H]3CC[C@@]21C,0.0
782,CCCCC[C@H](O)/C=C/[C@H]1[C@H](O)C[C@H](O)[C@@H]1C/C=C\CCCC(=O)[O-],0.0
783,CCCCCCCC(=O)CC[C@H]1[C@H](O)C[C@H](O)[C@@H]1C/C=C\CCCC(=O)OC(C)C,0.0
784,COc1ccc(C[C@@H]2c3cc(OC)c(OC)cc3CC[N@+]2(C)CCC(=O)OCCCCCOC(=O)CC[N@@+]2(C)CCc3cc(OC)c(OC)cc3[C@H]2Cc2ccc(OC)c(OC)c2)cc1OC,0.0
785,COc1ccc(CC2c3cc(OC)c(OC)cc3CC[N+]2(C)CCC(=O)OCCCCCOC(=O)CC[N+]2(C)CCc3cc(OC)c(OC)cc3C2Cc2ccc(OC)c(OC)c2)cc1OC,0.0
786,CC[C@@H](C(N)=O)N1CCCC1=O,0.0
787,C=CN1CCCC1=O,0.0
788,CC(=O)O[C@@]12CO[C@@H]1C[C@H](O)[C@@]1(C)C(=O)[C@H](O)C3=C(C)[C@@H](OC(=O)[C@H](O)[C@@H](NC(=O)OC(C)(C)C)c4ccccc4)C[C@@](O)([C@@H](OC(=O)c4ccccc4)[C@@H]12)C3(C)C,1.0
789,CO[C@H]1C[C@H]2OC[C@@]2(OC(C)=O)[C@H]2[C@H](OC(=O)c3ccccc3)[C@]3(O)C[C@H](OC(=O)[C@H](O)[C@@H](NC(=O)OC(C)(C)C)c4ccccc4)C(C)=C([C@@H](OC)C(=O)[C@]12C)C3(C)C,0.0
790,CCN(CC)C(=O)[C@]1(c2ccccc2)C[C@@H]1C[NH3+],0.0
791,[NH3+][C@@H]1CC1c1ccccc1,0.0
792,Cc1cc2cc3c(C)cc(=O)oc3c(C)c2o1,0.0
793,COc1c2occc2cc2ccc(=O)oc12,0.0
794,CN1C(=O)OC(C)(C)C1=O,0.0
795,CCC1(C)OC(=O)N(C)C1=O,0.0
796,Clc1ccc2c(c1)C(N1CC[NH2+]CC1)=[NH+]c1ccccc1O2,0.0
797,C[NH+]1CCN(C2=[NH+]c3ccccc3Oc3ccc(Cl)cc32)CC1,0.0
798,CN(C)c1ccc(C(=C2C=CC(=[N+](C)C)C=C2)c2ccc(N(C)C)cc2)cc1,0.0
799,CCN(CC)c1ccc(C(=C2C=CC(=[N+](CC)CC)C=C2)c2cc(S(=O)(=O)[O-])ccc2S(=O)(=O)[O-])cc1,0.0
800,NC(=O)N/C=C1\NC(=O)[C@H](CO)NC(=O)[C@H](CO)NC(=O)[C@@H](NC(=O)C[C@@H]([NH3+])CCC[NH3+])CNC(=O)[C@H]([C@H]2C[C@H](O)[NH+]=C(N)N2)NC1=O,0.0
801,NC(=O)N/C=C1/NC(=O)[C@H](CNC(=O)C[C@@H]([NH3+])CCC[NH3+])NC(=O)[C@H](CO)NC(=O)[C@@H]([NH3+])CNC(=O)[C@H]([C@H]2CC[NH+]=C(N)N2)NC1=O,0.0
802,C[C@@H]1O[C@@H]1P(=O)([O-])[O-],0.0
803,ClCC1CO1,0.0
804,NC(=[NH2+])NC(=O)c1nc(Cl)c(N)nc1N,0.0
805,NC(=O)c1cnccn1,0.0
806,CCOC(=O)[C@H](CCc1ccccc1)[NH2+][C@@H](C)C(=O)N1Cc2cc(OC)c(OC)cc2C[C@H]1C(=O)[O-],0.0
807,CCOC(=O)[C@H](CCc1ccccc1)[NH2+][C@@H](C)C(=O)N1Cc2ccccc2C[C@H]1C(=O)[O-],0.0
808,O=C1NC(c2ccccc2)(c2ccccc2)C(=O)N1COP(=O)([O-])[O-],0.0
809,O=C1NC(=O)C(c2ccccc2)(c2ccccc2)N1,0.0
810,C[C@@H](O)[C@H]1C(=O)N2C(C(=O)[O-])=C(S[C@@H]3C[NH2+][C@H](CNS(N)(=O)=O)C3)[C@H](C)[C@H]12,0.0
811,C[C@@H](O)[C@H]1C(=O)N2C(C(=O)[O-])=C(S[C@@H]3C[NH2+][C@H](C(=O)N(C)C)C3)[C@H](C)[C@H]12,0.0
812,Clc1cccc(Cl)c1NC1=[NH+]CCN1,0.0
813,Nc1cc(Cl)c(NC2=[NH+]CCN2)c(Cl)c1,0.0
814,CC(C)[C@H]([NH3+])C(=O)OCCOCn1cnc2c(=O)[nH]c(N)nc21,0.0
815,Nc1nc2c(ncn2COC(CO)CO)c(=O)[nH]1,0.0
816,C[NH2+]CC[C@H](Oc1cccc2ccccc12)c1cccs1,0.0
817,CNCC[C@H](Oc1cccc2ccccc12)c1cccs1,1.0
818,Cc1ccc(/C(=C\C[NH+]2CCCC2)c2cccc(/C=C/C(=O)[O-])n2)cc1,0.0
819,Cc1ccc(/C(=C\C[NH+]2CCCC2)c2ccccn2)cc1,0.0
820,CC#C[C@]1(O)CC[C@H]2[C@@H]3CCC4=CC(=O)CCC4=C3[C@@H](c3ccc(N(C)C)cc3)C[C@@]21C,0.0
821,CC(=O)O[C@]1(C(C)=O)CC[C@H]2[C@@H]3CCC4=CC(=O)CCC4=C3[C@@H](c3ccc(N(C)C)cc3)C[C@@]21C,0.0
822,C[NH+]1[C@H]2C[C@H](OC(=O)[C@H](CO)c3ccccc3)C[C@@H]1[C@H]1O[C@@H]21,0.0
823,C[NH+]1C2CC(OC(=O)C(CO)c3ccccc3)CC1C1OC12,0.0
824,CC[C@]1(O)C[C@H]2CN(CCc3c([nH]c4ccccc34)[C@@](C(=O)OC)(c3cc4c(cc3OC)N(C=O)[C@H]3[C@@](O)(C(=O)OC)[C@H](OC(C)=O)[C@]5(CC)C=CCN6CC[C@]43[C@@H]65)C2)C1.O=S(=O)(O)O,1.0
825,CC[C@]1(O)C[C@H]2CN(CCc3c([nH]c4ccccc34)[C@@](C(=O)OC)(c3cc4c(cc3OC)N(C=O)[C@H]3[C@@](O)(C(=O)OC)[C@H](OC(C)=O)[C@]5(CC)C=CCN6CC[C@]43[C@@H]65)C2)C1,1.0
826,CCCCc1oc2ccccc2c1C(=O)c1cc(I)c(OCC[NH+](CC)CC)c(I)c1,0.0
827,CCCCc1oc2ccc(NS(C)(=O)=O)cc2c1C(=O)c1ccc(OCCC[NH+](CCCC)CCCC)cc1,0.0
828,C[NH+](C)CCC[C@@]1(c2ccc(F)cc2)OCc2cc(C#N)ccc21,0.0
829,C[NH+](C)CCCC1(c2ccc(F)cc2)OCc2cc(C#N)ccc21,0.0
830,CO/N=C(\C(=O)N[C@@H]1C(=O)N2C(C(=O)OC(C)OC(C)=O)=C(COC(N)=O)CS[C@H]12)c1ccco1,0.0
831,CO/N=C(\C(=O)N[C@@H]1C(=O)N2C(C(=O)[O-])=C(COC(N)=O)CS[C@H]12)c1ccco1,0.0
832,CC(=O)OCC1=C(C(=O)[O-])N2C(=O)[C@@H](NC(=O)Cc3cccs3)[C@H]2SC1,0.0
833,CO[C@@]1(NC(=O)Cc2cccs2)C(=O)N2C(C(=O)[O-])=C(COC(N)=O)CS[C@@H]21,0.0
834,CN(CCOc1ccc(CC2SC(=O)NC2=O)cc1)c1ccccn1,1.0
835,CN(CCOc1ccc(CC2SC(=O)NC2=O)cc1)c1ccccn1.O=C(O)/C=C\C(=O)O,1.0
836,O=C1c2c(O)ccc(O)c2C(=O)c2c(NCCNCCO)ccc(NCCNCCO)c21,1.0
837,O=C1c2c([O-])ccc([O-])c2C(=O)c2c(NCC[NH2+]CCO)ccc(NCC[NH2+]CCO)c21,0.0
838,Cc1ccc(NC(=O)c2ccc(CN3CCN(C)CC3)cc2)cc1Nc1nccc(-c2cccnc2)n1,1.0
839,CS(=O)(=O)O.Cc1ccc(NC(=O)c2ccc(CN3CCN(C)CC3)cc2)cc1Nc1nccc(-c2cccnc2)n1,1.0
840,CC(C)(C)c1ccc(C[NH+]2CCN(C(c3ccccc3)c3ccc(Cl)cc3)CC2)cc1,0.0
841,Cc1cccc(C[NH+]2CCN(C(c3ccccc3)c3ccc(Cl)cc3)CC2)c1,0.0
842,CCC(C)C1NC(=O)C(Cc2ccc(O)cc2)NC(=O)C([NH3+])CSSCC(C(=O)N2CCCC2C(=O)NC(CC(C)C)C(=O)NCC(N)=O)NC(=O)C(CC(N)=O)NC(=O)C(C(C)O)NC1=O,0.0
843,CC[C@H](C)[C@@H]1NC(=O)[C@H](Cc2ccc(O)cc2)NC(=O)[C@@H]([NH3+])CSSC[C@@H](C(=O)N2CCC[C@H]2C(=O)N[C@@H](CC(C)C)C(=O)NCC(N)=O)NC(=O)[C@H](CC(N)=O)NC(=O)[C@H](CCC(N)=O)NC1=O,0.0
844,COc1cccc([C@@]2(O)CCCC[C@@H]2C[NH+](C)C)c1,0.0
845,COc1cccc([C@@]2(O)CCCC[C@@H]2CN(C)C)c1,1.0
846,CCOc1ccccc1OCC[NH2+][C@H](C)Cc1ccc(OC)c(S(N)(=O)=O)c1,0.0
847,C[NH+](CCOc1ccc(NS(C)(=O)=O)cc1)CCc1ccc(NS(C)(=O)=O)cc1,0.0
848,Nc1ccn(C[C@@H](CO)OCP(=O)([O-])[O-])c(=O)n1,0.0
849,Nc1[nH]c(=O)ncc1F,0.0
850,Nc1cccc2c1CN(C1CCC(=O)NC1=O)C2=O,0.0
851,Nc1cccc2c1CN(C1CCC(=O)NC1=O)C2=O,1.0
852,C#C[C@]1(O)CC[C@H]2[C@@H]3CCC4=C/C(=N/O)CC[C@@H]4[C@H]3CC[C@@]21CC,0.0
853,C#C[C@]1(OC(C)=O)CC[C@H]2[C@@H]3CCC4=C/C(=N/O)CC[C@@H]4[C@H]3CC[C@@]21CC,0.0
854,CSc1ccc2c(c1)N(CCC1CCCC[NH+]1C)c1ccccc1S2,0.0
855,C[NH+]1CCCCC1CCN1c2ccccc2Sc2ccc(S(C)=O)cc21,0.0
856,C/C=C/C1=C(C(=O)[O-])N2C(=O)[C@@H](NC(=O)[C@H]([NH3+])c3ccc(O)cc3)[C@H]2SC1,0.0
857,CC(=O)OCC1=C(C(=O)[O-])N2C(=O)[C@@H](NC(=O)[C@H]([NH3+])c3ccccc3)[C@H]2SC1,0.0
858,CC(CCc1ccccc1)[NH2+]CC(O)c1ccc(O)c(C(N)=O)c1,0.0
859,CC(CCc1ccc(O)cc1)[NH2+]CCc1ccc(O)c(O)c1,0.0
860,Cc1cn(-c2cc(NC(=O)c3ccc(C)c(Nc4nccc(-c5cccnc5)n4)c3)cc(C(F)(F)F)c2)cn1,1.0
861,Cc1cn(-c2cc(NC(=O)c3ccc(C)c(Nc4nccc(-c5cccnc5)n4)c3)cc(C(F)(F)F)c2)cn1,0.0
862,CC(C)C[C@H](NC(=O)[C@H](Cc1ccccc1)NC(=O)c1cnccn1)B(O)O,0.0
863,CC(C)C[C@H](NC(=O)[C@H](Cc1ccccc1)NC(=O)c1cnccn1)B(O)O,1.0
864,CC[C@@H]1/C=C(/C)C[C@H](C)C[C@H](OC)[C@H]2O[C@@](O)(C(=O)C(=O)N3CCCC[C@H]3C(=O)O[C@H](/C(C)=C/[C@@H]3CC[C@H](Cl)[C@H](OC)C3)[C@H](C)[C@@H](O)CC1=O)[C@H](C)C[C@@H]2OC,0.0
865,C=CC[C@@H]1/C=C(\C)C[C@H](C)C[C@H](OC)[C@H]2O[C@@](O)(C(=O)C(=O)N3CCCC[C@H]3C(=O)O[C@H](/C(C)=C/[C@@H]3CC[C@@H](O)[C@H](OC)C3)[C@H](C)[C@@H](O)CC1=O)[C@H](C)C[C@@H]2OC,0.0
866,Clc1ccc(COC(Cn2ccnc2)c2ccc(Cl)cc2Cl)cc1,0.0
867,Clc1ccc(COC(Cn2ccnc2)c2ccc(Cl)cc2Cl)c(Cl)c1,0.0
868,CCCCCCCCCCC[C@@H](C[C@@H]1OC(=O)[C@H]1CCCCCC)OC(=O)[C@H](CC(C)C)NC=O,0.0
869,O=C1CCO1,0.0
870,CCn1cc(C(=O)[O-])c(=O)c2cc(F)c(N3CC[NH2+]CC3)cc21,0.0
871,CCn1cc(C(=O)[O-])c(=O)c2cc(F)c(N3CC[NH2+]C(C)C3)c(F)c21,0.0
872,COc1cc2c3cc1Oc1cc(ccc1O)C[C@@H]1c4c(cc(OC)c(O)c4Oc4ccc(cc4)C[C@@H]3[NH+](C)CC2)CC[N+]1(C)C,0.0
873,COc1ccc2cc1Oc1cc3c(cc1OC)CC[N+](C)(C)[C@H]3Cc1ccc(cc1)Oc1c(OC)c(OC)cc3c1[C@@H](C2)[N+](C)(C)CC3,0.0
874,O=C1c2ccccc2C(=O)C1c1ccccc1,0.0
875,COc1ccc(C2C(=O)c3ccccc3C2=O)cc1,0.0
876,CCC(=O)O[C@](Cc1ccccc1)(c1ccccc1)[C@H](C)C[NH+](C)C,0.0
877,CCC(=O)O[C@@](Cc1ccccc1)(c1ccccc1)[C@@H](C)C[NH+](C)C,0.0
878,CN1CCN(c2ccc3c(c2)N/C(=C2\C(=O)N=c4cccc(F)c4=C2N)N3)CC1,1.0
879,CC(O)C(=O)O.CN1CCN(c2ccc3c(c2)N/C(=C2/C(=O)N=c4cccc(F)c4=C2N)N3)CC1.O,1.0
880,CCC1=C(C)CN(C(=O)NCCc2ccc(S(=O)(=O)[N-]C(=O)NC3CCC(C)CC3)cc2)C1=O,0.0
881,O=c1[nH]cnc2c1ncn2[C@H]1CC[C@@H](CO)O1,0.0
882,C[NH+]1CCN2c3ncccc3Cc3ccccc3C2C1,0.0
883,Cc1c(N)nc([C@H](CC(N)=O)[NH2+]C[C@H](N)C(N)=O)nc1C(=O)N[C@H](C(=O)N[C@H](C)[C@@H](O)[C@H](C)C(=O)N[C@H](C(=O)NCCc1nc(-c2nc(C(=O)NCCC[S+](C)C)cs2)cs1)[C@@H](C)O)[C@@H](O[C@@H]1O[C@@H](CO)[C@@H](O)[C@H](O)[C@@H]1O[C@H]1O[C@H](CO)[C@@H](O)[C@H](OC(N)=O)[C@@H]1O)c1c[nH]cn1,0.0
884,N#Cc1ccc2[nH]cc(CCCC[NH+]3CCN(c4ccc5oc(C(N)=O)cc5c4)CC3)c2c1,0.0
885,COc1cc([C@@H]2c3cc4c(cc3[C@H](O)[C@H]3COC(=O)[C@H]23)OCO4)cc(OC)c1OC,0.0
886,CC[NH2+][C@@H]1C[C@H]([NH3+])[C@@H](O[C@H]2OC(C[NH3+])=CC[C@H]2[NH3+])[C@H](O)[C@H]1O[C@H]1OC[C@](C)(O)[C@H]([NH2+]C)[C@H]1O,0.0
887,O=C([O-])CCC[NH+]1CCC(O[C@@H](c2ccc(Cl)cc2)c2ccccn2)CC1,0.0
888,C[C@H](Cc1cc2c(c(C(N)=O)c1)N(CCCO)CC2)[NH2+]CCOc1ccccc1OCC(F)(F)F,0.0
889,CCC1NC(=O)c2cc(S(N)(=O)=O)c(Cl)cc2N1,0.0
890,Nc1cc(N2CCCCC2)nc(N)[n+]1[O-],0.0
891,Cn1nnc2c(C(N)=O)ncn2c1=O,1.0
892,NS(=O)(=O)c1cc(C(=O)[O-])c(NCc2ccco2)cc1Cl,0.0
893,CC1(C)[C@H](C(=O)[O-])N2C(=O)C[C@H]2S1(=O)=O,0.0
894,COc1cc(Cc2cnc(N)nc2N)cc(OC)c1OC,0.0
895,CC(=O)Oc1ccccc1C(=O)Nc1ncc([N+](=O)[O-])s1,0.0
896,CC(=O)NC[C@H]1CN(c2ccc(N3CCOCC3)c(F)c2)C(=O)O1,0.0
897,Brc1c(NC2=[NH+]CCN2)ccc2nccnc12,0.0
898,C[C@]12C[C@H](O)[C@H]3[C@@H](CCC4=CC(=O)CC[C@@]43C)[C@@H]1CC[C@]2(O)C(=O)COC(=O)CCC1CCCC1,0.0
899,CCn1cc(C(=O)[O-])c(=O)c2ccc(C)nc21,0.0
900,Cc1cccc(Nc2ccncc2S(=O)(=O)[N-]C(=O)NC(C)C)c1,0.0
901,Clc1ccc(CO/N=C(/Cn2ccnc2)c2ccc(Cl)cc2Cl)c(Cl)c1,0.0
902,Clc1ccccc1C(c1ccccc1)(c1ccccc1)n1ccnc1,0.0
903,CCCOC(=O)Cn1cc(I)c(=O)c(I)c1,0.0
904,Cc1ncc(C[n+]2csc(CCO)c2C)c(N)n1,0.0
905,COc1cc(C[C@H]2c3c(cc(OC)c(OC)c3OC)CC[N+]2(C)CCCOC(=O)CCC(=O)OCCC[N+]2(C)CCc3cc(OC)c(OC)c(OC)c3[C@H]2Cc2cc(OC)c(OC)c(OC)c2)cc(OC)c1OC,0.0
906,Cc1oncc1C(=O)Nc1ccc(C(F)(F)F)cc1,0.0
907,CCOC(=O)Nc1ccc2c(c1)N(C(=O)CC[NH+]1CCOCC1)c1ccccc1S2,0.0
908,Nc1ccc(S(=O)(=O)[N-]c2ccccn2)cc1,0.0
909,C[C@@H]1OC(=O)C[C@H](O)C[C@H](O)CC[C@@H](O)[C@H](O)C[C@H](O)C[C@]2(O)C[C@H](O)[C@@H](C(=O)[O-])[C@H](C[C@@H](O[C@@H]3O[C@H](C)[C@@H](O)[C@H]([NH3+])[C@@H]3O)/C=C/C=C/C=C/C=C/C=C/C=C/C=C/[C@H](C)[C@@H](O)[C@H]1C)O2,0.0
910,C[C@]12Cc3cn[nH]c3C[C@@H]1CC[C@@H]1[C@@H]2CC[C@@]2(C)[C@H]1CC[C@]2(C)O,0.0
911,CO[C@@]1(NC(=O)CSCC#N)C(=O)N2C(C(=O)[O-])=C(CSc3nnnn3C)CS[C@@H]21,0.0
912,[H]/[NH+]=C(\N)C1=CC(=O)/C(=C\C=c2ccc(=C(N)[NH3+])cc2)C=C1,0.0
913,CC(C)n1c(/C=C/[C@H](O)C[C@H](O)CC(=O)[O-])c(-c2ccc(F)cc2)c2ccccc21,0.0
914,OC(CCC[NH+]1CCCCC1)(c1ccccc1)c1ccccc1,0.0
915,O=C(c1ccccc1)c1ccc2n1CCC2C(=O)[O-],0.0
916,Cc1[nH+]cc2n1-c1ccc(Cl)cc1C(c1ccccc1F)=NC2,0.0
917,CCCCCCC(C)(C)c1cc(O)c2c(c1)OC(C)(C)[C@@H]1CCC(=O)C[C@@H]21,0.0
918,Nc1nnc(-c2cccc(Cl)c2Cl)c(N)n1,0.0
919,C[C@H]1C[NH+](C[C@H](Cc2ccccc2)C(=O)NCC(=O)[O-])CC[C@@]1(C)c1cccc(O)c1,0.0
920,CC1(C)S[C@@H]2[C@H](NC(=O)[C@H](NC(=O)N3CCNC3=O)c3ccccc3)C(=O)N2[C@H]1C(=O)[O-],0.0
921,CC(=O)N[C@H]1[C@H](O)O[C@H](OS(=O)(=O)[O-])[C@H](O)[C@@H]1O[C@@H]1O[C@H](C(=O)[O-])[C@@H](O)[C@H](O)[C@H]1O,0.0
922,CC(C)[C@@H]1NC(=O)[C@H](CCCC[NH3+])NC(=O)[C@@H](Cc2c[nH]c3ccccc23)NC(=O)[C@H](Cc2ccc(O)cc2)NC(=O)[C@@H](NC(=O)[C@H]([NH3+])Cc2ccc3ccccc3c2)CSSC[C@@H](C(=O)N[C@H](C(N)=O)[C@@H](C)O)NC1=O,0.0
923,C#CC[NH2+][C@@H]1CCc2ccccc21,0.0
924,O=C(OCc1ccccc1)c1ccccc1,0.0
925,Cc1[nH]c2ccccc2c1CCNCc1ccc(/C=C/C(=O)NO)cc1,1.0
926,CC(O)C(CO)NC(=O)C1CSSCC(NC(=O)C([NH3+])Cc2ccccc2)C(=O)NC(Cc2ccccc2)C(=O)NC(Cc2c[nH]c3ccccc23)C(=O)NC(CCCC[NH3+])C(=O)NC(C(C)O)C(=O)N1,0.0
927,O=C(CCS)N1CCc2c([nH]c3ccccc23)C1,0.0
928,Cc1ccc(-n2[nH]c(C)c(N/N=C3\C=CC=C(c4cccc(C(=O)[O-])c4)C3=O)c2=O)cc1C,0.0
929,CCC[C@@]1(CCc2ccccc2)CC([O-])=C([C@H](CC)c2cccc([N-]S(=O)(=O)c3ccc(C(F)(F)F)cn3)c2)C(=O)O1,0.0
930,C[C@H]1O[C@@H](O[C@H]2[C@@H](O)C[C@H](O[C@H]3CC[C@]4(C)[C@H]5C[C@@H](O)[C@]6(C)[C@@H](C7=CC(=O)OC7)CC[C@]6(O)[C@@H]5CC[C@@H]4C3)O[C@@H]2C)C[C@H](O)[C@@H]1O[C@H]1C[C@H](O)[C@H](O[C@@H]2O[C@H](CO)[C@@H](O)[C@H](O)[C@H]2O)[C@@H](C)O1,0.0
931,CC(C)OC(=O)CCC/C=C\C[C@H]1[C@@H](O)C[C@@H](O)[C@@H]1CC[C@@H](O)CCc1ccccc1,0.0
932,C/C=C1\NC(=O)[C@H]2CSSCC/C=C/[C@H](CC(=O)N[C@H](C(C)C)C(=O)N2)OC(=O)[C@H](C(C)C)NC1=O,0.0
933,CCC(C)(C)C1C(=O)N2CCCC2C2(O)OC(NC(=O)C3CC4c5cccc6[nH]cc(c56)CC4[NH+](C)C3)(C(C)C)C(=O)N12,0.0
934,C#C[C@]1(O)CC[C@H]2[C@@H]3CCc4cc(OC5CCCC5)ccc4[C@H]3CC[C@@]21C,0.0
935,CN(C)S(=O)(=O)c1ccc2c(c1)/C(=C\CCN1CC[NH+](C)CC1)c1ccccc1S2,0.0
936,C#C[C@]1(O)CC[C@H]2[C@@H]3CCC4=Cc5oncc5C[C@]4(C)[C@H]3CC[C@@]21C,0.0
937,Cn1cnc([N+](=O)[O-])c1C[N+](C)(C)C/C=C/C(=O)Nc1cc2c(Nc3ccc(Cl)c(Br)c3)ncnc2cn1,1.0
938,C#CCC(Cc1cnc2nc(N)nc(N)c2n1)c1ccc(C(=O)N[C@@H](CCC(=O)[O-])C(=O)[O-])cc1,0.0
939,CC(C)CN(C[C@@H](O)[C@H](Cc1ccccc1)NC(=O)O[C@H]1CO[C@H]2OCC[C@@H]12)S(=O)(=O)c1ccc(N)cc1,0.0
940,Clc1ccc(CSC(Cn2ccnc2)c2ccc(Cl)cc2Cl)cc1,0.0
941,C[NH+]1CC[C@]23c4c5ccc(O)c4O[C@H]2[C@@H](O)C=C[C@H]3[C@H]1C5,0.0
942,C[N+]1(C)CCN(CC(O)(c2ccccc2)C2CCCCC2)CC1,0.0
943,CCc1cc2c(cc1CC)CC([NH2+]C[C@H](O)c1ccc(O)c3[nH]c(=O)ccc13)C2,0.0
944,C[C@]12CC[C@H]3[C@@H](CCC4=CC(=O)C=C[C@@]43C)[C@@H]1CCC(=O)O2,0.0
945,C[C@@H]([NH2+]CCCc1cccc(C(F)(F)F)c1)c1cccc2ccccc12,0.0
946,C=C(c1ccc(C(=O)[O-])cc1)c1cc2c(cc1C)C(C)(C)CCC2(C)C,0.0
947,CC1C=CC=CC=CC=CC=CC=CC=CC(OC2O[C@H](C)[C@@H](O)[C@H]([NH3+])[C@@H]2O)CC2OC(O)(CC(O)CC(O)CC(O)CC(=O)CCCC(=O)CC(=O)OC1C(C)CC(C)C(O)CC(=O)c1ccc(N)cc1)CC(O)C2C(=O)[O-],0.0
948,O=C1CN=C(c2ccccc2)c2cc(Cl)ccc2N1CC1CC1,0.0
949,C[NH+]1CCC(OC(c2ccccc2)c2ccccc2)CC1,0.0
950,OC(CC[NH+]1CCCCC1)(c1ccccc1)C1CC2C=CC1C2,0.0
951,COc1c(C)c2c(c([O-])c1C/C=C(\C)CCC(=O)OCC[NH+]1CCOCC1)C(=O)OC2,0.0
952,CC1Cc2ccccc2N1NC(=O)c1ccc(Cl)c(S(N)(=O)=O)c1,0.0
953,CC(=O)OCC1=C(C(=O)[O-])N2C(=O)[C@@H](NC(=O)CSc3ccncc3)[C@H]2SC1,0.0
954,NC(N)=[NH+]CCCC(NC(=O)[C@H]([NH3+])CCC[NH+]=C(N)N)C(=O)N1CCCC1C(=O)N1C[C@H](O)CC1C(=O)NCC(=O)N[C@@H](Cc1cccs1)C(=O)N[C@@H](CO)C(=O)N1Cc2ccccc2CC1C(=O)N1C(C(=O)N[C@@H](CCC[NH+]=C(N)N)C(=O)[O-])C[C@@H]2CCCC[C@@H]21,0.0
955,Nc1c2c([nH+]c3ccccc13)CCCC2,0.0
956,C[NH+](C)CC/C=C1/c2ccccc2COc2ccc(CC(=O)[O-])cc21,0.0
957,C[NH2+]CCCC1c2ccccc2C=Cc2ccccc21,0.0
958,CCCCC[C@@H](O)CC[C@@H]1[C@@H](O)C[C@H]2Cc3c(cccc3OCC(=O)[O-])C[C@@H]12,0.0
959,CNC(=O)c1cc(Oc2ccc(NC(=O)Nc3ccc(Cl)c(C(F)(F)F)c3)cc2)ccn1.Cc1ccc(S(=O)(=O)O)cc1,1.0
960,CC[NH2+][C@H]1C[C@H](C)S(=O)(=O)c2sc(S(N)(=O)=O)cc21,0.0
961,CCCCCCCCCC(=O)N[C@@H](Cc1c[nH]c2ccccc12)C(=O)N[C@H](CC(N)=O)C(=O)N[C@@H](CC(=O)[O-])C(=O)N[C@@H]1C(=O)NCC(=O)N[C@@H](CCC[NH3+])C(=O)N[C@@H](CC(=O)[O-])C(=O)N[C@H](C)C(=O)N[C@@H](CC(=O)[O-])C(=O)NCC(=O)N[C@H](CO)C(=O)N[C@@H]([C@H](C)CC(=O)[O-])C(=O)N[C@@H](CC(=O)c2ccccc2N)C(=O)O[C@@H]1C,0.0
962,OC1(c2ccc(Cl)cc2)c2ccccc2C2=[NH+]CCN21,0.0
963,Cc1nnc(C(=O)NC(C)(C)c2nc(C(=O)NCc3ccc(F)cc3)c([O-])c(=O)n2C)o1,0.0
964,CC(COc1ccccc1)[NH+](CCCl)Cc1ccccc1,0.0
965,CC(C)c1ccc2oc3nc(N)c(C(=O)[O-])cc3c(=O)c2c1,0.0
966,COc1cc2c(cc1OC)C(=O)C(CC1CC[NH+](Cc3ccccc3)CC1)C2,0.0
967,CCN(Cc1ccncc1)C(=O)C(CO)c1ccccc1,0.0
968,CC(C)(O/N=C(\C(=O)N[C@@H]1C(=O)N2C(C(=O)[O-])=C(C[n+]3ccccc3)CS[C@H]12)c1csc(N)n1)C(=O)[O-],0.0
969,CCc1nn(CCC[NH+]2CCN(c3cccc(Cl)c3)CC2)c(=O)n1CCOc1ccccc1,0.0
970,CC(C)Nc1cccnc1N1CCN(C(=O)c2cc3cc(NS(C)(=O)=O)ccc3[nH]2)CC1,0.0
971,Cc1ccc(C(=O)c2ccc(CC(=O)[O-])n2C)cc1,0.0
972,Cc1ncc(COP(=O)([O-])[O-])c(CN(CC[NH+](CC(=O)[O-])Cc2c(COP(=O)([O-])[O-])cnc(C)c2O)CC(=O)[O-])c1O,0.0
973,O=C1OCCN1/N=C/c1ccc([N+](=O)[O-])o1,0.0
974,CC(C)CC([NH+](C)C)C1(c2ccc(Cl)cc2)CCC1,0.0
975,COc1cc2c(c(OC)c1OC)-c1ccc(OC)c(=O)cc1[C@@H](NC(C)=O)CC2,0.0
976,CC[C@H]1CCC[C@H](O[C@H]2CC[C@H]([NH+](C)C)[C@@H](C)O2)[C@@H](C)C(=O)C2=C[C@H]3[C@@H]4C[C@H](O[C@@H]5O[C@@H](C)[C@H](OC)[C@@H](OC)[C@H]5OC)C[C@H]4C(C)=C[C@H]3[C@@H]2CC(=O)O1,0.0
977,O=C(c1ccc(F)c(F)c1Nc1ccc(I)cc1F)N1CC(O)([C@@H]2CCCCN2)C1,1.0
978,O=C(c1ccc2nonc2c1)N1CCCCC1,1.0
979,C[C@]1(Cn2ccnn2)[C@H](C(=O)[O-])N2C(=O)C[C@H]2S1(=O)=O,0.0
980,C[NH+](C)CC/C=C1/c2ccccc2Sc2ccc(Cl)cc21,0.0
981,Cc1ccccc1C(=O)Nc1ccc(C(=O)N2CCCC(O)c3cc(Cl)ccc32)c(C)c1,0.0
982,[NH3+][C@@H](C(=O)N[C@@H]1C(=O)N2C(C(=O)[O-])=C(Cl)CC[C@H]12)c1ccccc1,0.0
983,COc1ccc([C@@H]2Sc3ccccc3N(CC[NH+](C)C)C(=O)[C@@H]2OC(C)=O)cc1,0.0
984,CO[C@H]1/C=C/O[C@@]2(C)Oc3c(C)c([O-])c4c(c3C2=O)C2=NC3(CC[NH+](CC(C)C)CC3)[NH2+]C2=C(NC(=O)/C(C)=C\C=C\[C@H](C)[C@H](O)[C@@H](C)[C@@H](O)[C@@H](C)[C@H](OC(C)=O)[C@@H]1C)C4=O,0.0
985,C[NH+](C)CCn1nnnc1SCC1=C(C(=O)[O-])N2C(=O)[C@@H](NC(=O)Cc3csc(N)n3)[C@H]2SC1,0.0
986,CC(C)CNCc1ccc(-c2ccccc2S(=O)(=O)N2CCCC2)cc1,1.0
987,O=C([O-])c1ccc(-n2nc(-c3ccccc3O)nc2-c2ccccc2O)cc1,0.0
988,CCC[NH2+]CC(O)COc1ccccc1C(=O)CCc1ccccc1,0.0
989,CCc1c2c(nc3ccc(OC(=O)N4CCC([NH+]5CCCCC5)CC4)cc13)-c1cc3c(c(=O)n1C2)COC(=O)[C@]3(O)CC,0.0
990,Clc1ccc(CCC(Cn2ccnc2)Sc2c(Cl)cccc2Cl)cc1,0.0
991,CSCC[C@H](NC(=O)[C@H](Cc1c[nH]c2ccccc12)NC(=O)CNC(=O)[C@@H](NC(=O)[C@H](Cc1ccc(OS(=O)(=O)[O-])cc1)NC(=O)[C@H](CC(=O)[O-])NC(=O)[C@H](CCC(N)=O)NC(=O)[C@@H]1CCC(=O)N1)[C@@H](C)O)C(=O)N[C@@H](CC(=O)[O-])C(=O)N[C@@H](Cc1ccccc1)C(N)=O,0.0
992,CC(C)Cn1cnc2c(N)nc3ccccc3c21,0.0
993,CC1(C)O[C@@H]2CO[C@@]3(COS(N)(=O)=O)OC(C)(C)O[C@H]3[C@@H]2O1,0.0
994,C[NH2+][C@@H]1[C@H](O[C@H]2[C@H](O[C@@H]3[C@@H](NC(N)=[NH2+])[C@H](O)[C@@H](NC(N)=[NH2+])[C@H](O)[C@H]3O)O[C@@H](C)[C@]2(O)C=O)O[C@@H](CO)[C@H](O)[C@H]1O,0.0
995,COc1cc2nc(N3CCN(C(=O)C4CCCO4)CC3)nc(N)c2cc1OC,0.0
996,CO[C@H]1O[C@H](COS(=O)(=O)[O-])[C@@H](O[C@@H]2O[C@@H](C(=O)[O-])[C@@H](O[C@H]3O[C@H](COS(=O)(=O)[O-])[C@@H](O[C@@H]4O[C@H](C(=O)[O-])[C@@H](O[C@H]5O[C@H](COS(=O)(=O)[O-])[C@@H](O)[C@H](O)[C@H]5NS(=O)(=O)[O-])[C@H](O)[C@H]4O)[C@H](OS(=O)(=O)[O-])[C@H]3NS(=O)(=O)[O-])[C@H](O)[C@H]2OS(=O)(=O)[O-])[C@H](O)[C@H]1NS(=O)(=O)[O-],0.0
997,C[C@@]12CCCCC[C@@H](Cc3ccc(O)cc31)[C@@H]2[NH3+],0.0
998,CO[C@@]12[C@H](COC(N)=O)C3=C(C(=O)C(C)=C([NH3+])C3=O)[NH+]1C[C@@H]1N[C@@H]12,0.0
999,c1ccc2c(CC3=[NH+]CCN3)cccc2c1,0.0
1000,C[C@@H](O)[C@H]1C(=O)N2C(C(=O)[O-])=C(SCC/[NH+]=C/N)C[C@H]12,0.0
1001,COC(=O)C1=C(C)NC(C)=C(C(=O)OCC[NH+](C)Cc2ccccc2)C1c1cccc([N+](=O)[O-])c1,0.0
1002,C[NH2+]C1(C)C2CCC(C2)C1(C)C,0.0
1003,CCC(C)CCCC(=O)N[C@@H](CC[NH3+])C(=O)N[C@H](C(=O)N[C@@H](CC[NH3+])C(=O)N[C@H]1CCNC(=O)[C@H]([C@@H](C)O)NC(=O)[C@H](CC[NH3+])NC(=O)[C@H](CC[NH3+])NC(=O)[C@H](CC(C)C)NC(=O)[C@@H](CC(C)C)NC(=O)[C@H](CC[NH3+])NC1=O)[C@@H](C)O,0.0
1004,O=C(CCBr)N1CCN(C(=O)CCBr)CC1,0.0
1005,CC[C@H]1OC(=O)[C@H](C)[C@@H](O[C@H]2C[C@@](C)(OC)[C@@H](O)[C@H](C)O2)C(C)[C@@H](O[C@@H]2O[C@H](C)C[C@H]([NH+](C)C)[C@H]2O)[C@](C)(O)C[C@@H](C)C[NH+](C)[C@H](C)[C@@H](O)[C@]1(C)O,0.0
1006,CCC(C)C([NH3+])C1=NC(C(=O)NC(CC(C)C)C(=O)NC(CCC(=O)[O-])C(=O)NC(C(=O)NC2CCCCNC(=O)C(CC(N)=O)NC(=O)C(CC(=O)[O-])NC(=O)C(CC3C=NC=[NH+]3)NC(=O)C(Cc3ccccc3)NC(=O)C(C(C)CC)NC(=O)C(CCC[NH3+])NC2=O)C(C)CC)CS1,0.0
1007,C[C@]12CC[C@H]3[C@H]([C@@H]1[C@@H]1C[C@@H]1[C@@]21CCC(=O)O1)[C@H]1C[C@H]1C1=CC(=O)CC[C@@]13C,0.0
1008,C[C@@H](O)[C@H]1C(=O)N2C(C(=O)[O-])=C(S[C@@H]3C[NH2+][C@H](C(=O)Nc4cccc(C(=O)[O-])c4)C3)[C@H](C)[C@H]12,0.0
1009,CCC[NH+](CCc1cccs1)[C@H]1CCc2c(O)cccc2C1,0.0
1010,Cc1nnc(SCC2=C(C(=O)[O-])N3C(=O)[C@@H](NC(=O)Cn4cnnn4)[C@H]3SC2)s1,0.0
1011,CCO/N=C(\C(=O)N[C@@H]1C(=O)N2C(C(=O)[O-])=C(Sc3nc(-c4cc[n+](C)cc4)cs3)CS[C@H]12)c1nsc(NP(=O)([O-])[O-])n1,0.0
1012,C[NH+]1CCC(=C2c3ccccc3C=Cc3ccccc32)CC1,0.0
1013,C[NH+]1CCC[C@@H]1Cc1c[nH]c2ccc(CCS(=O)(=O)c3ccccc3)cc12,0.0
1014,C[NH2+][C@@H]1CCc2[nH]c3ccc(C(N)=O)cc3c2C1,0.0
1015,Cc1[nH]cnc1CN1CCc2c(c3ccccc3n2C)C1=O,0.0
1016,CC(C)=CC[NH+]1CC[C@@]2(C)c3cc(O)ccc3C[C@@H]1[C@@H]2C,0.0
1017,CCCc1nc(C)c2c(=O)nc(-c3cc(S(=O)(=O)N4CC[NH+](CC)CC4)ccc3OCC)[nH]n12,0.0
1018,CCCc1nc(C(C)(C)O)c(C(=O)OCc2oc(=O)oc2C)n1Cc1ccc(-c2ccccc2-c2nn[n-]n2)cc1,0.0
1019,C[N+](C)(CCCCCC[N+](C)(C)C1c2ccccc2-c2ccccc21)C1c2ccccc2-c2ccccc21,0.0
1020,OC(c1cc(C(F)(F)F)nc2c(C(F)(F)F)cccc12)C1CCCC[NH2+]1,0.0
1021,C[N+]12CCC(CC1)C(OC(=O)C(O)(c1ccccc1)c1ccccc1)C2,0.0
1022,CCC1=C[C@@H]2CN(C1)Cc1c([nH]c3ccccc13)[C@@](C(=O)OC)(c1cc3c(cc1OC)N(C)[C@H]1[C@@](O)(C(=O)OC)[C@H](OC(C)=O)[C@]4(CC)C=CCN5CC[C@]31[C@@H]54)C2,1.0
1023,CCC(=O)O[C@H]1CC[C@H]2[C@@H]3CC[C@H]4CC(=O)[C@H](C)C[C@]4(C)[C@H]3CC[C@]12C,0.0
1024,C[NH+]1C[C@@H]2c3ccccc3Oc3ccc(Cl)cc3[C@H]2C1,0.0
1025,CC(C)(C)[NH2+]C[C@H](O)COc1ccccc1C1CCCC1,0.0
1026,CC(=O)O[C@H]1C(=O)[C@]2(C)[C@@H](O)C[C@H]3OC[C@@]3(OC(C)=O)[C@H]2[C@H](OC(=O)c2ccccc2)[C@]2(O)C[C@H](OC(=O)[C@H](O)[C@@H](NC(=O)c3ccccc3)c3ccccc3)C(C)=C1C2(C)C,1.0
1027,Nc1nc(NC2CC2)c2ncn([C@H]3C=C[C@@H](CO)C3)c2n1,0.0
1028,CC1(C)C2CCC1(CS(=O)(=O)[O-])C(=O)/C2=C\c1ccc(/C=C2\C(=O)C3(CS(=O)(=O)[O-])CCC2C3(C)C)cc1,0.0
1029,CCC(=O)OC(OP(=O)(CCCCc1ccccc1)CC(=O)N1C[C@H](C2CCCCC2)C[C@H]1C(=O)[O-])C(C)C,0.0
1030,CCCc1cc(=O)[nH]c(=S)[nH]1,0.0
1031,CN1C(C(=O)Nc2ccccn2)=C(O)c2ccccc2S1(=O)=O,0.0
1032,COc1c(C)c2c(c(O)c1C/C=C(\C)CCC(=O)OCCN1CCOCC1)C(=O)OC2,1.0
1033,CCCC[NH+](CCCC)CC(O)c1cc(Cl)cc2c1-c1ccc(Cl)cc1/C2=C/c1ccc(Cl)cc1,0.0
1034,C=C1[C@@H](n2cnc3c(=O)[nH]c(N)nc32)C[C@H](O)[C@H]1CO,0.0
1035,C[C@H](OC(=O)c1ccccc1)C1=CCC23OCC[NH+](C)CC12C[C@@H](O)C12O[C@@]4(O)CC[C@@]1(C)[C@H](CC=C32)C4,0.0
1036,C=C(C)[C@@H]1CC[C@@]2(C1)C(C)=CCC[C@@H]2C,0.0
1037,CC(=O)N(CC(O)CN(C(C)=O)c1c(I)c(C(=O)NCC(O)CO)c(I)c(C(=O)NCC(O)CO)c1I)c1c(I)c(C(=O)NCC(O)CO)c(I)c(C(=O)NCC(O)CO)c1I,0.0
1038,CC[C@@H]([C@H](C)O)n1ncn(-c2ccc(N3CCN(c4ccc(OC[C@@H]5CO[C@@](Cn6cncn6)(c6ccc(F)cc6F)C5)cc4)CC3)cc2)c1=O,0.0
1039,COc1ccc2c3c1O[C@H]1C[C@@H](O)C=C[C@@]31CC[NH+](C)C2,0.0
1040,CC(C)(C)NC(=O)[C@@H]1C[C@@H]2CCCC[C@@H]2C[NH+]1C[C@@H](O)[C@H](Cc1ccccc1)NC(=O)[C@H](CC(N)=O)NC(=O)c1ccc2ccccc2n1,0.0
1041,CCN(CC)C(=O)C1C[NH+]2CCc3cc(OC)c(OC)cc3C2CC1OC(C)=O,0.0
1042,CC(C)[C@@]1(C(=O)N[C@H]2CC(=O)O[C@]2(O)CF)CC(c2nccc3ccccc23)=NO1,1.0
1043,CC(C)c1nc(N(C)S(C)(=O)=O)nc(-c2ccc(F)cc2)c1/C=C/[C@@H](O)C[C@@H](O)CC(=O)[O-],0.0
1044,CCN1CCN(C(=O)N[C@@H](C(=O)N[C@@H]2C(=O)N3[C@@H](C(=O)[O-])C(C)(C)S[C@H]23)c2ccccc2)C(=O)C1=O,0.0
1045,CO[C@H]1/C=C/O[C@@]2(C)Oc3c(C)c(O)c4c(O)c(c(/C=N/N5CC[NH+](C)CC5)c(O)c4c3C2=O)NC(=O)/C(C)=C\C=C\[C@H](C)[C@H](O)[C@@H](C)[C@@H](O)[C@@H](C)[C@H](OC(C)=O)[C@@H]1C,0.0
1046,O=C(CCOCCOCCOCCOCCC(=O)Nc1c(I)cc(I)c(C(=O)[O-])c1I)Nc1c(I)cc(I)c(C(=O)[O-])c1I,0.0
1047,CC#CCC(C)[C@H](O)/C=C/[C@@H]1[C@H]2C/C(=C/CCCC(=O)[O-])C[C@H]2C[C@H]1O,0.0
1048,CC(=O)/N=c1\sc(S(N)(=O)=O)nn1C,0.0
1049,O=C1N(Cc2ccccc2)C2C[S+]3CCCC3C2N1Cc1ccccc1,0.0
1050,CCCC(CCC)C(=O)O[C@@H]1C[C@@H]2CC[C@H](C1)[N+]2(C)C,0.0
1051,Oc1ncnc2[nH]ncc12,0.0
1052,C=CC[N+]1([C@H]2C[C@H]3[C@@H]4CC[C@H]5C[C@H](O)[C@@H]([NH+]6CCOCC6)C[C@]5(C)[C@H]4CC[C@]3(C)[C@H]2OC(C)=O)CCCC1,0.0
1053,CNC1=[NH+]c2ccc(Cl)cc2C(c2ccccc2)=[N+]([O-])C1,0.0
1054,O=C(CCC[NH+]1CCC(O)(c2ccc(Cl)cc2)CC1)c1ccc(F)cc1,0.0
1055,C[C@H]1CNc2c(cccc2S(=O)(=O)N[C@@H](CCC[NH+]=C(N)N)C(=O)N2CC[C@@H](C)C[C@@H]2C(=O)[O-])C1,0.0
1056,CCc1c(Cl)c([O-])c(Cl)c(O)c1C(=O)O[C@H]1[C@H](O)[C@H](OC)[C@H](OC/C2=C\C=C\C[C@H](O)/C(C)=C/[C@H](CC)[C@@H](O[C@@H]3OC(C)(C)[C@@H](OC(=O)C(C)C)[C@H](O)[C@@H]3O)/C(C)=C/C(C)=C/C[C@@H]([C@@H](C)O)OC2=O)O[C@@H]1C,0.0
1057,O=C1Nc2ccc(Cl)cc2[C@@](C#CC2CC2)(C(F)(F)F)O1,0.0
1058,CC[C@@H](C)C(=O)O[C@H]1[C@H](O)[C@H]2[C@@H](C[NH+]3C[C@@H](C)CC[C@H]3[C@@]2(C)O)[C@@H]2C[C@]34O[C@]5(O)[C@@H](OC(=O)[C@@](C)(O)CC)CC[C@@]3(C)[C@@H]5[C@@H](OC(C)=O)[C@@H](OC(C)=O)[C@H]4[C@@]21O,0.0
1059,CCC1(c2ccccc2)C(=O)NCNC1=O,0.0
1060,CCOc1ccc(-c2cc(C)cn2-c2ccc(S(N)(=O)=O)cc2)cc1,1.0
1061,C[C@H]1[C@H](NC(=O)/C(=N\OC(C)(C)C(=O)[O-])c2csc(N)n2)C(=O)N1S(=O)(=O)[O-],0.0
1062,O=c1oc2ccccc2c([O-])c1Cc1c([O-])c2ccccc2oc1=O,0.0
1063,Cc1nc(Nc2ncc(C(=O)Nc3c(C)cccc3Cl)s2)cc(N2CC[NH+](CCO)CC2)n1,0.0
1064,CCCCC(F)(F)[C@@]1(O)CC[C@@H]2[C@H](CCCCCCC(=O)[O-])C(=O)C[C@H]2O1,0.0
1065,Fc1ccc([C@@H]2CC[NH2+]C[C@H]2COc2ccc3c(c2)OCO3)cc1,0.0
1066,CC(C)(C)NC(=O)N[C@H](C(=O)N1C[C@H]2[C@@H]([C@H]1C(=O)NC(CC1CCC1)C(=O)C(N)=O)C2(C)C)C(C)(C)C,0.0
1067,Cc1c(O)cccc1C(=O)N[C@@H](CSc1ccccc1)[C@H](O)C[NH+]1C[C@H]2CCCC[C@H]2C[C@H]1C(=O)NC(C)(C)C,0.0
1068,NC(=O)C(c1ccccc1)(c1ccccc1)[C@@H]1CC[NH+](CCc2ccc3c(c2)CCO3)C1,0.0
1069,CCNC(=O)[C@@H]1CCCN1C(=O)[C@H](CCCNC(N)=[NH2+])NC(=O)[C@H](CC(C)C)NC(=O)[C@@H](Cc1cn(Cc2ccccc2)cn1)NC(=O)[C@H](Cc1ccc(O)cc1)NC(=O)[C@H](CO)NC(=O)[C@H](Cc1c[nH]c2ccccc12)NC(=O)[C@H](Cc1cnc[nH]1)NC(=O)[C@@H]1CCC(=O)N1,0.0
1070,CCN1CC(CC[NH+]2CCOCC2)C(c2ccccc2)(c2ccccc2)C1=O,0.0
1071,C=C/C=C/CC1=C(C)[C@@H](OC(=O)[C@@H]2[C@@H](C=C(C)C)C2(C)C)CC1=O,0.0
1072,CCCCOc1ccc(C(=O)CC[NH+]2CCCCC2)cc1,0.0
1073,CO[C@H]1O[C@@H]2O[C@@]3(C)CC[C@H]4[C@H](C)CC[C@@H]([C@H]1C)[C@]42OO3,0.0
1074,[NH3+][C@@H]1CONC1=O,0.0
1075,CN1C(=O)CCS(=O)(=O)C1c1ccc(Cl)cc1,0.0
1076,CN(C(=O)CC(=O)N(C)c1c(I)c(C(=O)NC(CO)C(O)CO)c(I)c(C(=O)NC(CO)C(O)CO)c1I)c1c(I)c(C(=O)NC(CO)C(O)CO)c(I)c(C(=O)NC(CO)C(O)CO)c1I,0.0
1077,CC(C)(C(=O)c1cccnc1)c1cccnc1,0.0
1078,CC#CCn1c(N2CCC[C@@H]([NH3+])C2)nc2c1c(=O)n(Cc1nc(C)c3ccccc3n1)c(=O)n2C,0.0
1079,CC1(C)S[C@@H]2[C@H](NC(=O)[C@H](C(=O)[O-])c3ccsc3)C(=O)N2[C@H]1C(=O)[O-],0.0
1080,O=C(C1CCCCC1)N1CC(=O)N2CCc3ccccc3C2C1,0.0
1081,C[C@H](O)[C@H](O)[C@H]1CNc2[nH]c(N)nc(=O)c2N1,0.0
1082,CC(C)COCC(CN(Cc1ccccc1)c1ccccc1)[NH+]1CCCC1,0.0
1083,COC(=O)[C@H]1[C@H]2C[C@@H]3c4[nH]c5cc(OC)ccc5c4CC[NH+]3C[C@H]2C[C@@H](OC(=O)/C=C/c2cc(OC)c(OC)c(OC)c2)[C@@H]1OC,0.0
1084,C[C@@H](CN1CC(=O)NC(=O)C1)[NH+]1CC(=O)NC(=O)C1,0.0
1085,C[C@]12COC(=O)C[C@@H]1CC[C@@H]1[C@@H]2CC[C@@]2(C)[C@H]1CC[C@]2(C)O,0.0
1086,CO[C@H]1C[C@H](O[C@@H]2[C@@H](C)C(=O)O[C@H](C)[C@H](C)[C@H](OC(C)=O)[C@@H](C)C(=O)[C@]3(CO3)C[C@H](C)[C@H](O[C@@H]3O[C@H](C)C[C@H]([NH+](C)C)[C@H]3OC(C)=O)[C@H]2C)O[C@@H](C)[C@@H]1OC(C)=O,0.0
1087,C[N+]1(C)CCCC(OC(=O)C(O)(c2ccccc2)c2ccccc2)C1,0.0
1088,c1cnc2cc3c(cc2n1)[C@H]1C[NH2+]C[C@@H]3C1,0.0
1089,C[NH2+]CCCC12CCC(c3ccccc31)c1ccccc12,0.0
1090,CCC(C)n1ncn(-c2ccc(N3CCN(c4ccc(OC[C@H]5CO[C@](Cn6cncn6)(c6ccc(Cl)cc6Cl)O5)cc4)CC3)cc2)c1=O,0.0
1091,O=C1CN(/N=C/c2ccc([N+](=O)[O-])o2)C(=O)N1,0.0
1092,O=C1CN(/N=C/c2ccc(-c3ccc([N+](=O)[O-])cc3)o2)C(=O)N1,0.0
1093,C[NH+](C)CCc1c[nH]c2ccc(CS(=O)(=O)N3CCCC3)cc12,0.0
1094,CC1=C(C(=O)[O-])N2C(=O)[C@@H](NC(=O)[C@H]([NH3+])C3=CCC=CC3)[C@H]2SC1,0.0
1095,C[NH+]1CCN(C(=O)O[C@H]2c3nccnc3C(=O)N2c2ccc(Cl)cn2)CC1,0.0
1096,COc1cccc(OC)c1C(=O)N[C@@H]1C(=O)N2[C@@H](C(=O)[O-])C(C)(C)S[C@H]12,0.0
1097,CCn1ccc([N-]S(=O)(=O)c2ccc(N)cc2)nc1=O,0.0
1098,CCOC(=O)[C@H](CCc1ccccc1)[NH2+][C@@H](C)C(=O)N1CC2(C[C@H]1C(=O)[O-])SCCS2,0.0
1099,CC1=NS(=O)(=O)c2cc(Cl)ccc2N1,0.0
1100,C[C@@H]1C/C=C/C=C/C=C/C=C/[C@H](OC2O[C@H](C)[C@@H](O)[C@H]([NH3+])[C@@H]2O)C[C@@H]2O[C@](O)(C[C@@H](O)C[C@H]3O[C@@H]3/C=C/C(=O)O1)C[C@H](O)[C@H]2C(=O)[O-],0.0
1101,CC(=O)Nc1c(I)c(C(=O)N[C@H]2C(O)O[C@H](CO)[C@@H](O)[C@@H]2O)c(I)c(N(C)C(C)=O)c1I,0.0
1102,O=C([O-])CCc1nc(-c2ccccc2)c(-c2ccccc2)o1,0.0
1103,OC[C@H]1O[C@](O)(CO)[C@@H](O)[C@@H]1O[C@@H]1O[C@H](CO)[C@H](O)[C@H](O)[C@H]1O,0.0
1104,CCC(=O)N(c1ccccc1)C1(C(=O)OC)CC[NH+](CCC(=O)OC)CC1,0.0
1105,CC1[NH2+]CCOC1c1ccccc1,0.0
1106,c1ccc2c(c1)CCCC2C1=[NH+]CCN1,0.0
1107,C[NH+]1CCC[C@@H]1CCO[C@](C)(c1ccccc1)c1ccc(Cl)cc1,0.0
1108,CCN(C(C)=O)c1cccc(-c2ccnc3c(C#N)cnn23)c1,0.0
1109,CC[N+](CC)(CCNC(=O)C(=O)NCC[N+](CC)(CC)Cc1ccccc1Cl)Cc1ccccc1Cl,0.0
1110,CN(C)c1nc(N(C)C)nc(N(C)C)n1,0.0
1111,O=C1O[Pt]OC(=O)C12CCC2,0.0
1112,CCOc1ccc2ccccc2c1C(=O)N[C@@H]1C(=O)N2[C@@H](C(=O)[O-])C(C)(C)S[C@H]12,0.0
1113,Cc1ccsc1C(=CCC[NH+]1CCC[C@@H](C(=O)[O-])C1)c1sccc1C,0.0
1114,OC[C@H]1O[C@@H](n2cnc3c2NC=[NH+]C[C@H]3O)C[C@@H]1O,0.0
1115,COc1cc2nc(N3CCN(C(=O)C4COc5ccccc5O4)CC3)nc(N)c2cc1OC,0.0
1116,COc1ccc(Cl)cc1C(=O)NCCc1ccc(S(=O)(=O)[N-]C(=O)NC2CCCCC2)cc1,0.0
1117,COc1cc2ncnc(Nc3ccc(F)c(Cl)c3)c2cc1OCCC[NH+]1CCOCC1,0.0
1118,COc1c(N2C[C@@H]3CCC[NH2+][C@@H]3C2)c(F)cc2c(=O)c(C(=O)[O-])cn(C3CC3)c12,0.0
1119,CCOC(=O)Nc1ccc(NCc2ccc(F)cc2)cc1N,0.0
1120,CO[C@H]1/C=C/O[C@@]2(C)Oc3c(C)c(O)c4c(O)c(c5c(nc6cc(C)ccn65)c4c3C2=O)NC(=O)/C(C)=C\C=C\[C@H](C)[C@H](O)[C@@H](C)[C@@H](O)[C@@H](C)[C@H](OC(C)=O)[C@@H]1C,0.0
1121,COc1ccccc1OCC[NH2+]CC(O)COc1cccc2[nH]c3ccccc3c12,0.0
1122,CCn1cc(C(=O)[O-])c(=O)c2cc(F)c(N3CC[NH2+]CC3)nc21,0.0
1123,Cn1c(=O)n(-c2ccc(C(C)(C)C#N)cc2)c2c3cc(-c4cnc5ccccc5c4)ccc3ncc21,1.0
1124,CCCc1nc2c(C)cc(-c3nc4ccccc4n3C)cc2n1Cc1ccc(-c2ccccc2C(=O)[O-])cc1,0.0
1125,CCc1ccc(CCOc2ccc(CC3SC(=O)[N-]C3=O)cc2)nc1,0.0
1126,CC1=C(/C=C/C(C)=C/C=C/C(C)=C/C=C/C=C(C)/C=C/C=C(C)/C=C/C2=C(C)CCCC2(C)C)C(C)(C)CCC1,0.0
1127,CC(C)CC(NC(=O)C(Cc1ccc2ccccc2c1)NC(=O)C(Cc1ccc(O)cc1)NC(=O)C(CO)NC(=O)C(Cc1c[nH]c2ccccc12)NC(=O)C(Cc1c[nH]cn1)NC(=O)C1CCC(=O)N1)C(=O)NC(CCCNC(N)=[NH2+])C(=O)N1CCCC1C(=O)NCC(N)=O,0.0
1128,CC(C(=O)[O-])c1ccc(C(=O)c2cccs2)cc1,0.0
1129,CC(C)(C)[NH2+]CC(O)COc1cccc2c1CCC(=O)N2,0.0
1130,O=C(OC1CC2CCC(C1)[N+]21CCCC1)C(O)(c1ccccc1)c1ccccc1,0.0
1131,Cn1cc[nH]c1=S,0.0
1132,O=C([O-])c1cc(/N=N/c2ccc(S(=O)(=O)[N-]c3ccccn3)cc2)ccc1O,0.0
1133,CC[C@@]1(O)C(=O)OCc2c1cc1n(c2=O)Cc2cc3c(C[NH+](C)C)c(O)ccc3nc2-1,0.0
1134,O=C1c2cccc3c2[C@H](CCC3)CN1[C@@H]1C[NH+]2CCC1CC2,0.0
1135,CCCCC(CC)COC(=O)C(C#N)=C(c1ccccc1)c1ccccc1,0.0
1136,COc1ccccc1Oc1c([N-]S(=O)(=O)c2ccc(C(C)(C)C)cc2)nc(-c2ncccn2)nc1OCCO,0.0
1137,Clc1ccc(C(Cn2ccnc2)OCc2csc3c(Cl)cccc23)c(Cl)c1,0.0
1138,CCn1nc(C(=O)[O-])c(=O)c2cc3c(cc21)OCO3,0.0
1139,NC(N)=[NH+]CCN1CCCCCCC1,0.0
1140,Cn1nc(C(=O)NC2CC3CCCC(C2)[NH+]3C)c2ccccc21,0.0
1141,CC(C)(O)c1ccccc1CC[C@@H](SCC1(CC(=O)[O-])CC1)c1cccc(/C=C/c2ccc3ccc(Cl)cc3n2)c1,0.0
1142,CO/N=C(\C(=O)N[C@@H]1C(=O)N2C(C(=O)[O-])=C(CSc3nnnn3C)CS[C@H]12)c1csc(N)n1,0.0
1143,CCCCN1C(=O)[C@@H]([C@H](O)C2CCCCC2)NC(=O)C12CCN(Cc1ccc(Oc3ccc(C(=O)O)cc3)cc1)CC2,1.0
1144,COc1cc2c(Nc3ccc(Br)cc3F)ncnc2cc1OCC1CC[NH+](C)CC1,0.0
1145,Cc1ccc(Nc2nccc(N(C)c3ccc4c(C)n(C)nc4c3)n2)cc1S(N)(=O)=O,0.0
1146,CCOC(=O)c1cncn1C(C)c1ccccc1,0.0
1147,CCOC(=O)N1CCC(=C2c3ccc(Cl)cc3CCc3cccnc32)CC1,0.0
1148,C[NH2+][C@H]1CC[C@@H](c2ccc(Cl)c(Cl)c2)c2ccccc21,0.0
1149,CCCCOc1ccc(OCCC[NH+]2CCOCC2)cc1,0.0
1150,Cc1ccccc1N1CC[NH+](CCc2nnc3n2CCCC3)CC1,0.0
1151,CCC[NH+]1C[C@H](CSC)C[C@@H]2c3cccc4[nH]cc(c34)C[C@H]21,0.0
1152,CCc1cccc2c3c([nH]c12)C(CC)(CC(=O)[O-])OCC3,0.0
1153,CC(C)(C)NC(=O)[C@@H]1CN(Cc2cccnc2)CC[NH+]1C[C@@H](O)C[C@@H](Cc1ccccc1)C(=O)N[C@H]1c2ccccc2C[C@H]1O,0.0
1154,CC(=O)c1ccc(S(=O)(=O)[N-]C(=O)NC2CCCCC2)cc1,0.0
1155,C[C@]12CCC3=C4CCC(=O)C=C4CC[C@H]3[C@@H]1CC[C@@]2(O)CC#N,0.0
1156,O=C([O-])c1cc(/N=N/c2ccc(O)c(C(=O)[O-])c2)ccc1O,0.0
1157,S=P(N1CC1)(N1CC1)N1CC1,0.0
1158,CCCCC(=O)N(Cc1ccc(-c2ccccc2-c2nnn[n-]2)cc1)[C@H](C(=O)[O-])C(C)C,0.0
1159,COC(=O)[C@@H]1CC2=CC(=O)CC[C@]2(C)[C@@]23O[C@@H]2C[C@@]2(C)[C@@H](CC[C@@]24CCC(=O)O4)[C@H]13,0.0
1160,CCOC(=O)c1ccc(C#Cc2ccc3c(c2)C(C)(C)CCS3)nc1,0.0
1161,CO[C@@H]1[C@@H](OC(N)=O)[C@@H](O)[C@H](Oc2ccc3c([O-])c(NC(=O)c4ccc(O)c(CC=C(C)C)c4)c(=O)oc3c2C)OC1(C)C,0.0
1162,CS(=O)(=O)O.Nc1ncnc2c1ncn2CCOC[P@@]1(=O)OCC[C@@H](c2cccc(Cl)c2)O1,1.0
1163,CO/N=C(\C(=O)N[C@@H]1C(=O)N2C(C(=O)[O-])=C(CSc3nc(=O)c(=O)[nH]n3C)CS[C@H]12)c1csc(N)n1,0.0
1164,C[C@@H](Cc1ccc(O)c(O)c1)[C@H](C)Cc1ccc(O)c(O)c1,0.0
1165,CN(CCCCCCCCCCN(C)C(=O)Oc1cccc([N+](C)(C)C)c1)C(=O)Oc1cccc([N+](C)(C)C)c1,0.0
1166,CCCCCOc1ccc(-c2cc(-c3ccc(C(=O)N[C@H]4C[C@@H](O)[C@@H](O)NC(=O)[C@@H]5[C@@H](O)[C@@H](C)CN5C(=O)[C@H]([C@H](O)CC(N)=O)NC(=O)[C@H]([C@H](O)[C@@H](O)c5ccc(O)c(OS(=O)(=O)[O-])c5)NC(=O)[C@@H]5C[C@@H](O)CN5C(=O)[C@H]([C@@H](C)O)NC4=O)cc3)no2)cc1,0.0
1167,CCCCc1[nH+]cc(/C=C(\Cc2cccs2)C(=O)[O-])n1Cc1ccc(C(=O)[O-])cc1,0.0
1168,CCc1c(C)[nH]c2c1C(=O)C(C[NH+]1CCOCC1)CC2,0.0
1169,COc1ccc2c3c1O[C@H]1C[C@@H](O)C=C[C@@]31CCN(C)C2,1.0
1170,CC[NH+](CC)Cc1cc(Nc2ccnc3cc(Cl)ccc23)ccc1O,0.0
1171,O=C1O[C@H](CO)[C@@H](O)[C@H](O)[C@H]1O,0.0
1172,OC(C[NH2+]CC(O)C1CCc2cc(F)ccc2O1)C1CCc2cc(F)ccc2O1,0.0
1173,CC(Cc1ccc2c(c1)OCO2)[NH2+]CC(O)c1ccc(O)c(O)c1,0.0
1174,CCC1(CC)C(=O)NCC(C)C1=O,0.0
1175,CCN1CCN(C(=O)N[C@@H](C(=O)N[C@@H]2C(=O)N3C(C(=O)[O-])=C(CSc4nnnn4C)CS[C@H]23)c2ccc(O)cc2)C(=O)C1=O,0.0
1176,C#C[C@]1(O)CC[C@H]2[C@@H]3CCC4=CC(=O)CC[C@@H]4[C@H]3C(=C)C[C@@]21CC,0.0
1177,C=C1/C(=C\C=C2/CCC[C@@]3(C)[C@H]2CC[C@@H]3[C@H](C)/C=C/[C@@H](O)C2CC2)C[C@@H](O)C[C@@H]1O,0.0
1178,C/[NH+]=C1/CN([O-])C(c2ccccc2)=c2cc(Cl)ccc2=N1,0.0
1179,O=C(OOC(=O)c1ccccc1)c1ccccc1,0.0
1180,O=C1CC2(CCCC2)CC(=O)N1CCCC[NH+]1CCN(c2ncccn2)CC1,0.0
1181,Nc1nc(N)c2nc(CNc3ccc(C(=O)N[C@@H](CCCNC(=O)c4ccccc4C(=O)O)C(=O)O)cc3)cnc2n1,1.0
